Age,Sex,Job,Housing,Duration,Purpose,Risk,installment,Other_credit,DTI,month.inc,emp.length,Checking.account,Saving.accounts,credit.amount
67,male,3,own,6,radio/TV,good,194.8333333,1,0.150827356,1291.763899,6,little,NA,1169
22,female,3,own,48,radio/TV,bad,123.9791667,0,0.575113742,215.5732989,8,moderate,little,5951
49,male,2,own,12,education,good,174.6666667,0,0.051170756,3413.408005,2,NA,little,2096
45,male,3,free,42,furniture/equipment,good,NA,0,0.388895499,482.563226,7,little,little,7882
53,male,3,free,24,car,bad,202.9166667,1,0.603206447,336.3967143,8,little,little,4870
NA,male,2,free,36,education,good,251.5277778,1,0.686621739,366.3265574,2,NA,NA,9055
53,male,3,own,24,furniture/equipment,good,118.125,0,0.010646684,11095.00393,8,NA,quite rich,2835
35,male,4,rent,36,car,good,193,1,0.03001223,6430.711839,2,moderate,little,6948
61,male,2,own,12,radio/TV,good,254.9166667,1,0.084132397,3029.946544,3,NA,rich,3059
28,male,4,own,30,car,bad,174.4666667,1,0.648234598,269.1412447,2,moderate,little,5234
25,female,3,rent,12,car,bad,107.9166667,1,0.728843778,148.0655662,5,moderate,little,1295
24,female,3,rent,48,business,bad,89.75,0,0.49668092,180.6995123,6,little,little,4308
22,female,3,own,12,radio/TV,good,130.5833333,1,0.278717317,468.5153208,7,moderate,little,1567
60,male,2,own,24,car,bad,49.95833333,0,0.554370391,90.11724683,3,little,little,1199
28,female,3,rent,15,car,good,93.53333333,1,0.235345844,397.4292973,9,little,little,1403
NA,female,2,own,24,radio/TV,bad,53.41666667,1,0.552162134,96.74090878,0,little,moderate,1282
53,male,3,own,24,radio/TV,good,101,0,0.052700957,1916.473747,6,NA,NA,2424
25,male,3,own,30,business,good,269.0666667,1,0.255662212,1052.430334,3,little,NA,8072
44,female,4,free,24,car,bad,524.125,0,0.22372712,2342.697653,3,moderate,little,12579
31,male,3,own,24,radio/TV,good,142.9166667,1,0.237937664,600.6475144,8,NA,quite rich,3430
48,male,3,own,9,car,good,237.1111111,1,0.137740272,1721.436348,10,NA,little,2134
44,male,3,rent,6,radio/TV,good,441.1666667,1,0.216958026,2033.419435,5,little,quite rich,2647
48,male,2,rent,10,car,good,224.1,0,0.198458167,1129.20523,2,little,little,2241
44,male,3,own,12,car,good,150.3333333,1,0.160631799,935.8877527,4,moderate,moderate,1804
26,male,3,own,10,furniture/equipment,good,206.9,1,0.283034477,731.0063495,8,NA,NA,2069
36,male,2,own,6,furniture/equipment,good,229,0,0.053851475,4252.436905,3,little,little,1374
39,male,2,own,6,radio/TV,good,71,0,0.080103032,886.3584591,1,NA,little,426
42,female,3,rent,12,radio/TV,good,NA,0,0.12706124,268.243356,3,rich,rich,409
34,male,3,own,7,radio/TV,good,345,0,0.043838616,7869.773999,5,moderate,little,2415
63,male,3,own,60,business,bad,113.9333333,0,0.383337281,297.2143307,7,little,little,6836
36,male,3,own,18,business,good,106.2777778,0,0.038870493,2734.150498,6,moderate,rich,1913
27,male,3,own,24,furniture/equipment,good,167.5,0,0.050422112,3321.955285,8,little,little,4020
30,male,3,own,18,car,good,325.8888889,0,0.05633146,5785.202258,9,moderate,moderate,5866
57,male,2,rent,12,business,good,105.3333333,0,0.066556502,1582.615229,2,NA,NA,1264
33,female,4,own,12,furniture/equipment,good,122.8333333,1,0.150545223,815.9231529,3,rich,little,1474
25,male,2,own,45,radio/TV,bad,105.4666667,0,0.421738577,250.0759295,0,moderate,little,4746
31,male,3,free,48,education,good,NA,0,0.627367502,202.8980879,7,NA,little,6110
37,male,3,own,18,radio/TV,bad,116.6666667,1,0.840118733,138.8692598,5,rich,little,2100
37,male,3,own,10,domestic appliances,good,122.5,0,0.059463384,2060.091304,4,rich,little,1225
24,male,3,own,9,radio/TV,good,50.88888889,0,0.033988672,1497.230848,4,moderate,little,458
30,male,4,own,30,radio/TV,good,77.76666667,1,0.147190799,528.3391853,3,NA,quite rich,2333
26,male,3,own,12,radio/TV,good,96.5,0,0.045359426,2127.451954,6,moderate,quite rich,1158
44,male,2,own,18,repairs,good,NA,0,0.048048874,7173.251702,2,moderate,little,6204
24,male,3,rent,30,car,good,206.2333333,0,0.303231401,680.1186584,10,little,moderate,6187
58,female,2,free,48,car,bad,127.9791667,1,0.572397685,223.5843541,2,little,little,6143
35,female,4,own,11,car,good,126.6363636,0,0.051042599,2480.99362,5,NA,little,1393
39,male,3,own,36,radio/TV,good,63.86111111,0,0.050246534,1270.955544,9,NA,quite rich,2299
23,female,1,rent,6,car,good,225.3333333,1,0.177154101,1271.962274,3,little,quite rich,1352
39,male,2,own,11,car,good,657.0909091,0,0.051433621,12775.51319,3,NA,little,7228
28,female,3,own,12,radio/TV,good,172.75,0,0.047348124,3648.507819,8,NA,moderate,2073
29,male,2,own,24,furniture/equipment,good,97.20833333,0,0.057172162,1700.273888,3,moderate,NA,2333
30,male,4,own,27,car,good,220.9259259,0,0.067132985,3290.870005,1,moderate,little,5965
25,male,3,own,12,radio/TV,good,105.1666667,0,0.031808316,3306.263278,6,NA,little,1262
31,male,3,own,18,car,good,187.6666667,0,0.062600839,2997.829876,7,NA,NA,3378
57,male,3,free,36,car,bad,61.80555556,1,0.493058501,125.351364,7,moderate,little,2225
26,male,2,own,6,car,good,130.5,1,0.17972947,726.0912752,1,NA,NA,783
52,male,4,own,12,radio/TV,bad,539,0,0.641824473,839.7934686,3,moderate,NA,6468
31,female,3,own,36,radio/TV,good,265.7222222,0,0.020327751,13071.89492,6,NA,little,9566
23,female,4,own,18,car,good,108.9444444,1,0.164500375,662.274749,3,rich,little,1961
23,female,2,rent,36,furniture/equipment,bad,173.0277778,0,0.583862889,296.3500183,2,little,little,6229
27,male,3,own,9,business,good,154.5555556,0,0.049564626,3118.2633,5,moderate,little,1391
50,male,3,own,15,radio/TV,good,102.4666667,0,0.032474254,3155.320068,4,moderate,NA,1537
61,male,4,free,36,business,bad,54.25,1,0.758847771,71.48996418,5,moderate,little,1953
25,male,3,own,48,business,bad,300.4375,1,0.750220298,400.4657043,7,moderate,little,14421
26,female,3,own,24,radio/TV,good,132.5416667,0,0.027583832,4805.049003,8,NA,little,3181
48,male,3,own,27,repairs,good,192.2222222,0,0.02805671,6851.203272,7,NA,NA,5190
29,female,3,own,12,radio/TV,good,180.9166667,0,0.031430244,5756.133013,5,NA,little,2171
22,male,3,own,12,car,good,83.91666667,0,0.047451262,1768.481251,6,moderate,rich,1007
37,male,3,free,36,education,bad,50.52777778,1,0.684564749,73.81007839,6,NA,little,1819
25,female,3,own,36,radio/TV,good,66.5,0,0.054016402,1231.107539,9,NA,NA,2394
30,female,3,own,36,car,good,225.9166667,1,0.258392704,874.315192,9,NA,little,8133
46,male,2,rent,7,radio/TV,good,104.2857143,0,0.191812082,543.6868911,1,NA,NA,730
51,male,4,free,8,vacation/others,good,145.5,0,0.587761176,247.5495251,1,little,little,1164
41,female,2,own,42,business,good,141.7619048,1,0.0827448,1713.242461,1,moderate,little,5954
40,male,4,own,36,education,bad,54.91666667,1,0.560453177,97.98618148,3,little,NA,1977
66,male,4,free,12,car,good,127.1666667,1,0.47431938,268.1034595,3,little,little,1526
34,male,3,own,42,radio/TV,bad,94.4047619,1,0.584843373,161.4188794,9,little,little,3965
51,male,3,own,11,radio/TV,good,433.7272727,0,0.047552875,9120.947422,11,moderate,little,4771
39,male,2,own,54,car,good,174.7407407,1,0.17239649,1013.59802,2,NA,NA,9436
22,male,3,own,30,furniture/equipment,good,127.7333333,0,0.050391122,2534.838055,7,moderate,little,3832
44,female,3,own,24,radio/TV,bad,247.625,0,0.263246346,940.6588297,5,NA,NA,5943
47,male,3,own,15,radio/TV,good,80.86666667,0,0.058343973,1386.032903,4,NA,quite rich,1213
24,female,2,rent,18,business,good,87.11111111,1,0.349614018,249.1636681,1,NA,moderate,1568
58,female,2,own,24,vacation/others,good,73.125,0,0.042133678,1735.54752,2,little,little,1755
52,male,2,own,10,radio/TV,good,231.5,0,0.040009682,5786.09942,3,little,little,2315
29,female,4,own,12,business,good,117.6666667,1,0.227404584,517.4331345,0,NA,little,1412
27,female,3,own,18,furniture/equipment,good,71.94444444,0,0.041752444,1723.119375,6,moderate,little,1295
47,male,3,free,36,education,bad,350.3333333,1,0.924358289,379.0016682,5,moderate,moderate,12612
30,male,4,own,18,car,good,124.9444444,1,0.135061895,925.0902641,3,little,moderate,2249
28,male,3,own,12,repairs,bad,92.33333333,1,0.450508114,204.9537634,6,little,little,1108
56,male,3,own,12,radio/TV,good,51.5,0,0.052339854,983.9538313,7,NA,little,618
54,male,3,own,12,car,good,117.4166667,0,0.062236447,1886.622276,5,little,little,1409
33,female,2,own,12,radio/TV,bad,66.41666667,0,0.476753467,139.3102962,1,NA,NA,797
20,male,3,rent,24,furniture/equipment,good,150.7083333,1,0.209232264,720.2920347,4,rich,NA,3617
54,male,3,own,12,car,good,109.8333333,0,0.027957604,3928.567441,5,moderate,rich,1318
58,male,3,rent,54,business,bad,295.2777778,1,0.575727791,512.8774093,6,moderate,little,15945
61,female,3,own,12,education,good,167.6666667,0,0.03029665,5534.16515,7,NA,NA,2012
34,male,3,own,18,business,good,145.6666667,1,0.179353741,812.1752354,5,moderate,moderate,2622
36,male,3,own,36,radio/TV,good,64.91666667,0,0.051613455,1257.746982,8,moderate,little,2337
36,male,4,rent,20,car,good,352.85,0,0.269556128,1309.003817,2,moderate,NA,7057
41,male,2,rent,24,car,good,61.20833333,1,0.351422835,174.1728975,2,NA,moderate,1469
24,male,3,rent,36,radio/TV,good,64.52777778,0,0.17551206,367.6543801,5,moderate,little,2323
24,female,3,own,6,radio/TV,good,155.3333333,1,0.261630327,593.7130272,5,NA,little,932
35,male,3,rent,9,furniture/equipment,good,213.2222222,1,0.400910617,531.844788,8,moderate,little,1919
26,male,3,rent,12,car,good,203.75,0,0.069283002,2940.836759,6,NA,NA,2445
39,male,4,own,24,vacation/others,bad,497.4166667,1,0.464027355,1071.955482,2,moderate,little,11938
39,male,4,own,18,car,bad,358.7777778,1,0.615456728,582.9455779,2,NA,little,6458
32,male,3,own,12,car,good,506.5,1,0.09835656,5149.631081,6,moderate,little,6078
30,female,3,own,24,furniture/equipment,good,321.7083333,1,0.225137707,1428.940262,6,little,NA,7721
35,male,3,own,14,business,good,100.7142857,0,0.054028842,1864.083729,5,moderate,quite rich,1410
31,male,3,own,6,business,good,241.5,0,0.059590442,4052.663362,4,moderate,moderate,1449
23,female,3,rent,15,education,good,26.13333333,1,0.548911179,47.60940265,5,rich,little,392
28,male,2,rent,18,car,good,347.7777778,1,0.307733117,1130.127889,3,moderate,little,6260
25,female,3,own,36,car,bad,218.1944444,1,0.763547613,285.7640319,10,NA,little,7855
35,male,3,own,12,radio/TV,good,140,0,0.04998256,2800.976955,7,little,quite rich,1680
47,male,3,own,48,radio/TV,good,74.54166667,1,0.216653177,344.0598824,4,NA,NA,3578
30,female,4,own,42,radio/TV,bad,170.8095238,1,0.96128418,177.688895,2,little,NA,7174
27,female,3,rent,10,furniture/equipment,good,213.2,0,0.065523133,3253.81266,10,little,NA,2132
23,female,3,own,33,furniture/equipment,bad,129.7272727,1,0.372098527,348.6368889,8,little,quite rich,4281
36,male,4,own,12,car,good,197.1666667,0,0.077638505,2539.547452,2,moderate,quite rich,2366
25,female,3,own,21,radio/TV,bad,87.38095238,1,0.499987291,174.7663469,6,little,little,1835
41,female,4,rent,24,car,good,161.1666667,0,0.057629704,2796.590216,4,NA,little,3868
24,male,2,rent,12,furniture/equipment,good,147.3333333,1,0.203292908,724.7342505,2,NA,little,1768
63,male,3,free,10,car,good,78.1,0,0.303973571,256.9302318,6,rich,little,781
27,female,3,rent,18,furniture/equipment,bad,106.8888889,1,0.667471024,160.1401185,7,moderate,NA,1924
30,male,3,own,12,car,good,176.75,0,0.072910767,2424.196144,3,little,little,2121
40,male,2,own,12,radio/TV,good,58.41666667,0,0.04211941,1386.929851,3,little,little,701
30,male,3,own,12,repairs,bad,53.25,1,0.509370396,104.5408223,6,moderate,little,639
34,male,4,own,12,car,good,155,0,0.03176223,4880.010035,5,moderate,little,1860
29,female,3,own,12,car,bad,291.5833333,1,0.522884253,557.6441282,7,little,little,3499
24,female,3,own,48,car,good,176.8125,1,0.105056551,1683.02213,9,moderate,NA,8487
29,male,3,own,36,education,bad,191.3055556,0,0.455698304,419.807478,5,little,little,6887
27,male,2,own,15,furniture/equipment,good,180.5333333,0,0.039819342,4533.810108,2,NA,little,2708
47,male,3,free,18,furniture/equipment,good,110.2222222,0,0.586780504,187.8423386,10,NA,little,1984
21,female,3,own,60,radio/TV,good,169.0666667,0,0.038672748,4371.726196,6,NA,moderate,10144
38,female,3,own,12,radio/TV,good,103.3333333,0,0.048051662,2150.463262,7,NA,NA,1240
27,male,3,own,27,car,good,319,0,0.054822923,5818.733873,5,NA,rich,8613
66,male,2,own,12,radio/TV,bad,63.83333333,1,0.66538282,95.93474828,2,moderate,quite rich,766
35,male,3,own,15,radio/TV,good,181.8666667,0,0.042987531,4230.684197,3,moderate,NA,2728
44,female,2,rent,12,radio/TV,good,156.75,0,0.091157663,1719.548259,0,rich,little,1881
27,male,1,own,6,car,good,118.1666667,0,0.027589747,4282.99202,0,rich,rich,709
30,female,4,own,36,radio/TV,good,133.1944444,1,0.200912272,662.948276,3,moderate,little,4795
27,male,4,own,27,radio/TV,good,126.5185185,0,0.038545041,3282.355284,1,little,little,3416
22,male,3,own,18,furniture/equipment,bad,136.7777778,1,0.377503841,362.3215526,7,little,little,2462
23,female,3,own,21,furniture/equipment,good,108.952381,0,0.054832842,1986.991311,4,NA,little,2288
30,male,3,own,48,business,good,74.29166667,0,0.036679183,2025.444971,4,moderate,moderate,3566
39,female,3,own,6,car,good,143.3333333,0,0.043921924,3263.366487,6,little,little,860
51,female,3,own,12,car,good,56.83333333,0,0.01921289,2958.083531,8,NA,moderate,682
28,male,3,own,36,furniture/equipment,good,149.1944444,0,0.044070774,3385.337526,8,little,little,5371
46,male,3,own,18,radio/TV,good,87.88888889,1,0.194182956,452.608668,7,NA,rich,1582
42,male,3,free,6,radio/TV,good,224.3333333,0,0.418309669,536.2853174,4,NA,moderate,1346
38,male,3,own,10,radio/TV,good,192.4,0,0.037573172,5120.674996,6,NA,little,1924
24,male,3,own,36,radio/TV,good,162.4444444,0,0.043770698,3711.260105,5,rich,little,5848
29,female,3,rent,24,car,good,323.25,0,-0.009043761,-35742.87123,6,moderate,rich,7758
36,male,4,rent,24,business,good,290.2916667,0,0.318469027,911.5224479,2,moderate,moderate,6967
20,female,3,rent,12,furniture/equipment,bad,106.8333333,0,0.445744414,239.6739702,6,little,little,1282
48,male,3,own,9,repairs,good,143.1111111,0,0.045860142,3120.59892,5,little,moderate,1288
45,male,2,own,12,education,good,28.25,1,0.141566753,199.552503,2,little,little,339
38,male,3,own,24,car,good,146.3333333,0,0.032062824,4563.956503,8,moderate,moderate,3512
34,male,2,own,6,radio/TV,good,316.3333333,0,0.026127507,12107.29104,2,NA,NA,1898
36,male,3,own,24,radio/TV,good,119.6666667,1,0.221366929,540.5805961,9,NA,moderate,2872
30,female,3,own,18,car,good,58.61111111,0,0.012015055,4878.139257,6,NA,little,1055
36,male,3,own,15,domestic appliances,good,84.13333333,0,0.057211614,1470.563884,7,NA,quite rich,1262
70,male,4,free,10,car,good,730.8,0,0.554859817,1317.089429,3,moderate,little,7308
36,male,3,own,36,car,good,25.25,0,0.009849467,2563.590398,8,NA,quite rich,909
32,male,3,own,6,furniture/equipment,good,496.3333333,1,0.113963375,4355.200358,6,NA,quite rich,2978
33,female,3,own,18,furniture/equipment,bad,62.83333333,1,0.683603864,91.9148306,4,little,little,1131
20,female,3,own,11,furniture/equipment,good,143.3636364,0,0.034720308,4129.100382,5,moderate,rich,1577
25,female,3,rent,24,furniture/equipment,good,165.5,0,0.182743462,905.6411536,7,NA,little,3972
31,male,3,own,24,business,bad,80.625,1,0.618692182,130.3152074,4,moderate,little,1935
33,male,3,rent,15,car,bad,63.33333333,1,0.596983892,106.088848,8,little,little,950
26,female,3,own,12,furniture/equipment,good,63.58333333,1,0.238772095,266.2929822,6,NA,little,763
34,female,4,own,24,furniture/equipment,bad,86,1,0.420474423,204.5308708,2,moderate,little,2064
33,male,3,own,8,radio/TV,good,176.75,0,0.038346471,4609.289832,5,moderate,little,1414
NA,male,3,own,21,education,bad,162.5714286,1,0.776350802,209.4045993,6,little,little,3414
53,female,4,own,30,car,bad,249.5,0,0.577173886,432.2787395,3,NA,NA,7485
42,male,3,own,12,furniture/equipment,good,214.75,0,0.017104076,12555.4871,7,little,little,2577
52,male,3,own,6,radio/TV,good,56.33333333,0,0.043123342,1306.33043,5,little,quite rich,338
31,male,4,rent,12,radio/TV,good,163.5833333,0,0.063670746,2569.207128,1,NA,little,1963
65,male,3,own,21,car,good,27.19047619,1,0.114275568,237.9377898,4,little,little,571
28,male,3,own,36,business,bad,265.8888889,0,0.367680897,723.1512198,6,NA,little,9572
NA,male,4,own,36,business,bad,123.75,1,0.743643643,166.4103515,2,moderate,little,4455
40,male,2,own,21,car,bad,78.42857143,1,0.627733719,124.9392363,0,little,NA,1647
50,male,3,own,24,furniture/equipment,good,157.375,0,0.037515587,4194.923051,5,NA,rich,3777
36,male,3,own,18,car,bad,49.11111111,1,0.452773219,108.4673497,6,moderate,little,884
31,male,3,own,15,radio/TV,good,90.66666667,0,0.033458488,2709.825612,5,NA,little,1360
74,female,4,free,9,car,bad,569.8888889,1,0.543814569,1047.947078,4,moderate,little,5129
68,male,1,free,16,car,good,73.4375,0,0.319530681,229.8292603,1,moderate,little,1175
20,male,3,own,12,radio/TV,bad,56.16666667,0,0.665460974,84.40264553,9,little,moderate,674
33,female,3,own,18,furniture/equipment,good,180.2222222,1,0.208694332,863.5702779,9,moderate,little,3244
54,male,4,own,24,business,bad,191.2916667,1,0.602347793,317.5767704,3,NA,rich,4591
34,male,2,free,48,business,bad,80.08333333,1,0.542786083,147.541243,3,moderate,moderate,3844
36,male,3,own,27,business,bad,145,1,0.769192575,188.50936,7,moderate,little,3915
29,male,3,rent,6,radio/TV,good,351.3333333,0,-0.028219318,-12450.10002,6,NA,little,2108
21,male,3,rent,45,radio/TV,bad,67.35555556,0,0.433823579,155.260246,8,moderate,moderate,3031
34,female,4,own,9,education,bad,166.7777778,1,0.568060205,293.5917288,1,moderate,little,1501
28,female,3,own,6,radio/TV,good,230.3333333,0,0.05767396,3993.714557,3,NA,little,1382
27,female,3,rent,12,furniture/equipment,bad,79.25,1,0.294590806,269.0172216,5,moderate,moderate,951
36,male,3,free,24,car,good,115,1,0.594188464,193.541287,7,moderate,NA,2760
40,male,4,own,18,furniture/equipment,bad,238.7222222,0,0.458676478,520.4588276,4,moderate,little,4297
52,male,3,own,9,education,good,104,0,0.061577092,1688.939769,5,NA,quite rich,936
27,male,2,own,12,car,good,97.33333333,0,0.017123534,5684.184755,1,little,little,1168
26,male,3,own,27,business,good,189.5185185,0,0.049914974,3796.82696,5,NA,little,5117
21,male,3,rent,12,education,bad,75.16666667,1,0.464232179,161.9161059,6,little,little,902
38,male,2,own,12,car,good,124.5833333,0,0.03535509,3523.773642,2,NA,little,1495
38,male,4,free,30,car,good,354.1,0,0.730368479,484.8237704,3,little,little,10623
43,male,3,own,12,furniture/equipment,good,161.25,0,0.043540109,3703.481786,6,NA,little,1935
26,male,3,own,12,domestic appliances,good,118.6666667,0,0.057825795,2052.1407,5,moderate,little,1424
21,male,2,own,24,business,good,273.6666667,0,0.045597257,6001.823003,2,little,little,6568
55,male,3,own,12,car,good,117.75,0,0.016693909,7053.470818,5,NA,rich,1413
33,male,3,own,9,radio/TV,good,341.5555556,0,0.040512239,8430.92274,7,NA,NA,3074
45,female,2,own,36,radio/TV,good,106.5277778,0,0.02275715,4681.06858,3,NA,NA,3835
50,male,3,own,27,business,bad,196.037037,1,0.582187277,336.7250451,10,little,little,5293
66,male,4,own,30,business,bad,63.6,1,0.672608684,94.55720914,2,rich,little,1908
51,male,3,own,36,radio/TV,good,92.83333333,0,0.04528793,2049.847123,5,NA,NA,3342
39,female,2,own,6,education,good,155.3333333,1,0.090236519,1721.402095,1,moderate,NA,932
31,male,3,own,18,business,good,172.4444444,0,0.042940031,4015.936651,7,little,little,3104
23,male,3,own,36,radio/TV,good,108.6944444,1,0.076447059,1421.826371,8,rich,little,3913
24,male,2,rent,24,furniture/equipment,good,125.875,1,0.079933992,1574.736808,3,little,little,3021
64,female,3,own,10,car,good,136.4,0,0.047970661,2843.404621,5,NA,little,1364
26,male,2,own,12,radio/TV,good,52.08333333,0,0.032152166,1619.901235,3,moderate,little,625
23,female,3,rent,12,education,good,100,1,0.273607553,365.4869861,7,little,NA,1200
30,male,3,own,12,radio/TV,good,58.91666667,0,0.039090423,1507.189297,9,NA,little,707
32,male,3,own,24,business,good,124.0833333,1,0.062386855,1988.933928,10,NA,NA,2978
30,male,3,own,15,car,good,310.4666667,0,0.037332608,8316.233005,6,NA,little,4657
27,male,3,own,36,repairs,good,72.58333333,1,0.156376131,464.1586457,8,NA,little,2613
27,male,3,own,48,radio/TV,bad,228.3541667,0,0.48146491,474.290362,4,moderate,rich,10961
53,male,4,free,12,furniture/equipment,bad,655.4166667,1,0.530006615,1236.619787,3,little,little,7865
22,male,3,own,9,radio/TV,bad,164.2222222,1,0.640557334,256.3739629,6,NA,little,1478
22,male,3,free,24,furniture/equipment,good,131.2083333,0,0.446663246,293.7522496,7,little,little,3149
26,male,3,own,36,radio/TV,bad,116.9444444,1,0.82270646,142.1460145,3,rich,little,4210
51,male,2,free,9,car,good,278.5555556,1,0.534330473,521.316993,2,NA,quite rich,2507
35,male,3,own,12,radio/TV,good,178.4166667,0,0.048232284,3699.112923,8,NA,moderate,2141
25,male,2,own,18,radio/TV,good,48.11111111,0,0.057349956,838.9040645,2,moderate,little,866
42,male,2,own,4,radio/TV,good,386,0,0.044795006,8617.032079,2,NA,little,1544
30,male,4,own,24,radio/TV,bad,75.95833333,1,0.71955699,105.562637,3,little,little,1823
23,male,1,own,6,car,bad,2425.833333,0,0.453318383,5351.279419,1,moderate,NA,14555
61,male,2,rent,21,business,bad,131.7619048,1,0.557333277,236.4149248,1,moderate,moderate,2767
35,female,3,own,12,radio/TV,good,107.5833333,0,0.063671269,1689.668439,5,NA,little,1291
39,male,3,own,30,radio/TV,good,84.06666667,0,0.052406559,1604.12492,7,little,little,2522
29,female,3,own,24,car,bad,38.125,1,0.719391861,52.9961514,7,little,NA,915
51,male,3,own,6,radio/TV,good,265.8333333,0,0.041935052,6339.167836,4,NA,little,1595
24,male,3,free,48,car,bad,95.9375,1,0.569633432,168.4197146,8,little,little,4605
27,female,3,own,12,business,good,98.75,0,0.059524564,1658.978971,6,NA,little,1185
35,female,2,own,12,education,good,287.25,0,0.03458412,8305.835044,3,NA,quite rich,3447
25,male,3,own,24,business,good,52.41666667,0,0.027179188,1928.558967,6,NA,little,1258
52,male,3,own,12,radio/TV,good,59.75,1,0.139055013,429.6860548,4,NA,little,717
35,male,3,rent,6,car,good,200.6666667,1,0.291681112,687.9659281,6,NA,moderate,1204
26,male,3,own,24,furniture/equipment,good,80.20833333,0,0.061022638,1314.40291,8,rich,little,1925
22,female,3,rent,18,radio/TV,bad,24.05555556,1,0.710433659,33.86038269,7,NA,little,433
39,female,2,own,6,car,good,111,1,0.180142648,616.1783517,1,little,rich,666
46,female,2,own,12,furniture/equipment,good,187.5833333,0,0.045925104,4084.548866,2,rich,little,2251
24,female,3,own,30,car,bad,NA,0,0.545760882,131.31514,7,moderate,little,2150
35,male,3,own,24,furniture/equipment,good,172.9583333,0,0.039587175,4369.049693,5,NA,moderate,4151
24,male,3,own,9,furniture/equipment,good,225.5555556,0,0.060496925,3728.380528,4,moderate,NA,2030
27,male,2,own,60,radio/TV,good,123.6333333,0,0.027551407,4487.369097,2,moderate,NA,7418
35,male,2,own,24,radio/TV,good,111.8333333,0,0.064584004,1731.594917,2,NA,little,2684
29,male,3,free,12,radio/TV,bad,179.0833333,1,0.544962304,328.6160015,7,little,little,2149
23,female,3,own,15,car,good,254.1333333,0,0.014087462,18039.68187,4,NA,moderate,3812
57,female,2,own,11,radio/TV,good,104.9090909,0,0.041705387,2515.480568,2,NA,moderate,1154
27,male,3,own,12,furniture/equipment,good,138.0833333,0,0.034392813,4014.889238,4,little,little,1657
55,female,3,own,24,radio/TV,good,66.79166667,0,0.045076133,1481.752362,6,little,little,1603
36,male,4,free,18,car,good,294.5555556,1,0.868823405,339.0281085,2,little,little,5302
57,female,2,free,12,education,good,229,0,0.440004027,520.4497817,3,NA,little,2748
32,male,2,own,10,car,good,123.1,0,0.080209985,1534.721639,1,NA,little,1231
37,male,3,own,15,radio/TV,bad,53.46666667,0,0.511249149,104.5804511,2,moderate,little,802
36,male,3,own,36,business,good,175.1111111,0,0.041392095,4230.544793,7,NA,NA,6304
38,female,3,own,24,radio/TV,good,63.875,0,0.025608627,2494.276617,7,NA,little,1533
45,male,4,own,14,car,bad,641.2857143,0,0.599587556,1069.544735,2,little,little,8978
25,male,3,own,24,radio/TV,good,41.625,0,0.047642875,873.6878267,7,NA,NA,999
32,male,3,own,18,car,good,147.8888889,1,0.207459307,712.857336,9,NA,NA,2662
37,female,3,rent,12,furniture/equipment,good,116.8333333,1,0.371138979,314.7967205,5,NA,quite rich,1402
36,male,4,free,48,car,good,253.5208333,0,0.3366737,753.0164468,2,moderate,NA,12169
28,male,3,own,48,radio/TV,bad,63.75,1,0.546402827,116.6721635,5,moderate,little,3060
34,male,2,own,30,repairs,bad,399.9333333,1,0.639626035,625.2611859,3,little,little,11998
32,male,3,own,9,radio/TV,good,299.6666667,0,0.057869368,5178.329654,6,NA,little,2697
26,female,3,own,18,radio/TV,good,133.5555556,0,0.042620143,3133.625263,7,NA,little,2404
49,male,2,own,12,furniture/equipment,good,105.1666667,1,0.210675053,499.1889896,1,little,NA,1262
32,female,3,own,6,furniture/equipment,bad,768.5,1,0.926189055,829.7442035,6,NA,little,4611
29,male,4,rent,24,radio/TV,good,79.20833333,0,0.194399665,407.4509763,4,NA,moderate,1901
23,male,3,rent,15,car,good,224.5333333,1,0.161045524,1394.222754,10,NA,rich,3368
50,male,3,own,12,furniture/equipment,good,131.1666667,1,0.20574644,637.5160943,6,NA,little,1574
49,male,2,own,18,radio/TV,good,80.27777778,1,0.207040099,387.7402401,3,rich,NA,1445
63,male,3,own,15,furniture/equipment,good,101.3333333,1,0.156153003,648.9361819,6,NA,NA,1520
37,male,3,own,24,car,good,161.5833333,1,0.176298661,916.5318243,8,moderate,moderate,3878
35,female,2,own,47,car,good,228.1276596,1,0.04378788,5209.83567,2,little,little,10722
26,male,3,own,48,car,good,99.75,0,0.051761148,1927.121078,6,little,little,4788
31,male,4,free,48,vacation/others,good,157.9583333,1,0.629058441,251.102796,2,moderate,moderate,7582
49,female,3,own,12,radio/TV,good,91,0,0.022951025,3964.964513,11,moderate,little,1092
48,male,3,own,24,radio/TV,bad,42.66666667,1,0.566944685,75.25719488,7,little,little,1024
26,male,3,own,12,business,good,89.66666667,1,0.26308214,340.8314475,6,NA,little,1076
28,male,4,rent,36,car,bad,261.0555556,1,0.473113278,551.7823481,2,moderate,little,9398
44,female,4,free,24,car,good,267.4583333,1,0.713040571,375.0955335,3,little,little,6419
56,male,3,free,42,car,good,114.1904762,0,0.488313847,233.846484,8,rich,little,4796
46,male,4,own,48,business,good,158.9375,1,0.173101673,918.1742549,2,NA,NA,7629
26,female,3,own,48,furniture/equipment,bad,207.5,1,0.758605962,273.5280375,8,moderate,little,9960
20,female,3,rent,12,car,good,389.5833333,0,0.091834847,4242.21684,6,NA,NA,4675
45,male,2,own,10,car,good,128.7,0,0.048334833,2662.676024,2,NA,NA,1287
43,male,3,own,18,furniture/equipment,good,139.7222222,0,0.068500849,2039.715204,6,NA,little,2515
32,male,3,own,21,furniture/equipment,good,130.7142857,1,0.120555198,1084.269184,3,moderate,rich,2745
54,female,1,own,6,car,good,112,1,0.186239994,601.3745909,0,NA,little,672
42,female,3,own,36,radio/TV,bad,105.6666667,1,0.549877147,192.1641356,9,moderate,little,3804
37,male,2,own,24,car,bad,56,1,0.581313441,96.33357158,2,rich,NA,1344
49,male,3,own,10,car,good,103.8,1,0.239333919,433.7036747,2,little,little,1038
44,male,3,free,48,car,bad,210.9791667,1,0.618133751,341.3163675,5,NA,quite rich,10127
33,male,3,own,6,furniture/equipment,good,257.1666667,1,0.082692863,3109.901591,6,NA,rich,1543
24,female,2,rent,30,car,good,160.3666667,0,0.1829967,876.3363845,3,NA,NA,4811
33,male,2,own,12,radio/TV,bad,60.58333333,0,0.541474179,111.8859139,2,little,moderate,727
24,female,3,own,8,furniture/equipment,bad,154.625,0,0.658253278,234.9019825,9,moderate,little,1237
22,male,2,rent,9,car,good,30.66666667,0,0.085539871,358.5072832,2,moderate,little,276
40,male,1,free,48,vacation/others,good,112.1041667,0,0.495795694,226.1096011,1,moderate,NA,5381
25,male,3,own,24,furniture/equipment,good,229.625,0,0.044820779,5123.181873,5,NA,moderate,5511
26,female,3,own,24,furniture/equipment,good,156.2083333,0,0.051400128,3039.065061,7,rich,little,3749
25,male,2,own,12,car,bad,57.08333333,1,0.819267697,69.67604554,2,moderate,little,685
NA,male,2,own,4,car,good,373.5,1,0.17469157,2138.053948,0,rich,NA,1494
NA,male,3,own,36,furniture/equipment,bad,76.27777778,0,0.284464994,268.1446904,6,little,little,2746
38,male,2,own,12,furniture/equipment,good,59,1,0.172504855,342.0193601,0,little,little,708
48,female,2,own,24,furniture/equipment,good,181.2916667,1,0.11806476,1535.527339,2,moderate,NA,4351
32,male,3,own,12,education,good,58.41666667,0,0.043375423,1346.768822,7,NA,little,701
27,female,2,own,15,furniture/equipment,good,242.8666667,0,0.032901124,7381.713264,4,little,little,3643
28,male,4,own,30,car,bad,141.6333333,1,0.641843261,220.6665425,5,moderate,little,4249
32,male,3,own,24,radio/TV,bad,80.75,1,0.894120854,90.31217609,8,little,little,1938
34,male,4,free,24,car,good,121.25,0,0.533202646,227.3994719,2,little,little,2910
28,male,3,own,18,furniture/equipment,good,147.7222222,0,0.051614591,2862.024471,10,little,rich,2659
36,female,3,own,18,car,good,57.11111111,1,0.06073741,940.2954612,9,NA,little,1028
39,male,2,own,8,car,good,424.75,1,0.240435903,1766.583089,3,little,little,3398
49,male,3,rent,12,furniture/equipment,good,483.4166667,0,0.043421091,11133.22259,5,NA,NA,5801
34,female,3,own,24,car,good,63.54166667,1,0.251114695,253.0384241,7,NA,rich,1525
31,male,3,own,36,radio/TV,good,124.25,0,0.041027074,3028.487999,4,rich,little,4473
28,male,3,own,6,radio/TV,good,178,0,0.034994491,5086.514915,3,moderate,little,1068
75,male,4,free,24,car,good,275.625,0,0.478721483,575.7523107,3,little,little,6615
30,female,3,own,18,education,bad,103.5555556,1,0.678111735,152.7116406,8,NA,moderate,1864
24,female,4,own,60,car,bad,123.4666667,0,0.505534538,244.2299338,4,moderate,moderate,7408
24,female,2,rent,48,car,bad,241.4583333,1,0.840701302,287.2106094,2,NA,moderate,11590
23,male,3,rent,24,furniture/equipment,bad,171.25,1,0.513206845,333.6861181,9,little,little,4110
44,male,4,rent,6,furniture/equipment,bad,564,1,0.493896654,1141.939301,3,little,little,3384
23,female,2,own,13,radio/TV,good,161.6153846,0,0.021385851,7557.117382,2,moderate,little,2101
24,female,3,rent,15,domestic appliances,bad,85,1,0.74947998,113.4119687,9,little,NA,1275
28,male,3,own,24,furniture/equipment,good,173.7083333,0,0.043052169,4034.833487,4,little,little,4169
31,male,2,own,10,furniture/equipment,good,152.1,0,0.057368693,2651.271816,1,moderate,little,1521
24,female,3,free,24,education,good,239.2916667,1,0.742320399,322.3563129,6,moderate,little,5743
26,female,2,rent,21,furniture/equipment,good,171.3809524,0,0.198897368,861.6552065,2,little,little,3599
25,male,3,rent,18,radio/TV,good,178.5,1,0.289469348,616.6456009,11,moderate,quite rich,3213
33,male,4,own,18,business,good,246.6111111,0,0.046222538,5335.300104,3,moderate,little,4439
37,male,2,own,10,car,good,394.9,0,0.058370387,6765.416822,2,rich,little,3949
43,female,2,own,15,radio/TV,good,97.26666667,0,0.027489515,3538.318751,2,NA,little,1459
23,male,3,own,13,radio/TV,good,67.84615385,1,0.238611949,284.3367831,4,moderate,little,882
23,female,1,rent,24,radio/TV,good,156.5833333,1,0.219132234,714.5609315,0,moderate,quite rich,3758
34,male,2,own,6,business,good,290.5,0,0.058602285,4957.144591,1,NA,moderate,1743
32,male,3,free,9,education,bad,126.2222222,1,0.542856058,232.5150846,8,moderate,rich,1136
23,female,3,rent,9,domestic appliances,good,137.3333333,1,0.120052095,1143.947828,6,NA,little,1236
29,female,3,own,9,furniture/equipment,bad,106.5555556,1,0.493222887,216.0393572,6,moderate,little,959
38,male,4,own,18,car,good,179.3888889,0,0.070331697,2550.61225,3,NA,NA,3229
28,male,3,rent,12,radio/TV,bad,516.5833333,0,0.60588366,852.6114292,9,little,little,6199
46,male,3,free,10,education,good,72.7,0,0.63024075,115.3527442,5,NA,quite rich,727
23,male,2,own,24,car,bad,51.91666667,0,0.499511852,103.9348044,3,moderate,little,1246
49,male,3,own,12,radio/TV,good,194.25,0,0.042625246,4557.15846,5,NA,NA,2331
26,male,4,own,36,radio/TV,bad,123.9722222,0,0.519180959,238.7842237,3,NA,little,4463
28,male,3,own,12,radio/TV,good,64.66666667,1,0.153170416,422.1877055,3,NA,little,776
23,female,3,rent,30,furniture/equipment,bad,80.2,1,0.711576097,112.707552,7,little,little,2406
61,male,3,free,18,education,good,68.83333333,0,0.711760849,96.70851308,5,moderate,NA,1239
37,male,4,own,12,radio/TV,good,283.25,1,0.080771432,3506.809205,1,rich,NA,3399
36,female,3,own,12,car,good,187.25,1,0.05542244,3378.595408,4,rich,little,2247
21,male,3,rent,6,furniture/equipment,good,294.3333333,1,0.272718868,1079.255483,6,NA,little,1766
25,male,1,own,18,furniture/equipment,bad,137.3888889,1,0.474900658,289.3002705,2,little,little,2473
36,male,3,own,12,business,good,128.5,1,0.062787299,2046.59225,4,NA,little,1542
27,male,3,own,18,car,good,213.8888889,0,0.06434351,3324.171897,9,NA,little,3850
22,female,3,rent,18,furniture/equipment,good,202.7777778,1,0.380919058,532.338232,6,little,little,3650
42,male,3,own,36,furniture/equipment,bad,95.72222222,1,0.79962405,119.7090335,8,little,little,3446
40,female,3,rent,18,furniture/equipment,good,166.7222222,1,0.220180405,757.2073553,6,moderate,little,3001
36,male,3,own,36,car,good,85.52777778,0,0.060093528,1423.2444,10,NA,NA,3079
33,male,3,own,18,radio/TV,good,337.2222222,1,0.077374037,4358.338241,4,NA,little,6070
23,female,3,rent,10,furniture/equipment,good,214.6,0,-0.034096735,-6293.857767,8,NA,little,2146
63,male,4,free,60,car,good,229.2666667,1,0.581628951,394.1802869,3,NA,NA,13756
60,female,4,free,60,vacation/others,bad,246.3666667,1,0.756321138,325.7434628,3,moderate,moderate,14782
37,female,3,rent,48,business,bad,160.1041667,1,0.627656688,255.0823878,6,little,little,7685
34,male,3,own,18,radio/TV,good,128.8888889,0,0.037913272,3399.57177,7,NA,little,2320
36,male,3,free,7,radio/TV,good,120.8571429,0,0.436964361,276.5835242,7,NA,NA,846
57,male,4,free,36,car,bad,397.7222222,1,0.434615091,915.1136951,4,moderate,little,14318
52,female,2,own,6,car,good,60.33333333,1,0.156571245,385.3410844,3,NA,moderate,362
39,male,3,own,20,furniture/equipment,good,110.6,0,0.048296381,2290.026638,5,little,NA,2212
38,female,4,free,18,car,bad,720.8888889,1,0.571323832,1261.786833,5,moderate,little,12976
25,female,3,rent,22,car,good,58.31818182,1,0.173598096,335.937911,7,NA,NA,1283
26,male,3,own,12,car,good,110.8333333,0,0.039247337,2823.970762,8,rich,little,1330
26,male,2,own,30,business,good,142.4,0,0.030946029,4601.559709,2,NA,moderate,4272
25,female,3,own,18,radio/TV,good,124.3333333,0,-0.000605886,-205209.2091,6,NA,little,2238
21,female,3,rent,18,radio/TV,good,62.55555556,1,0.101536227,616.0910017,8,NA,NA,1126
40,male,4,own,18,furniture/equipment,good,409.6666667,0,0.026875501,15243.12661,3,moderate,little,7374
27,male,3,own,15,business,good,155.0666667,0,0.015348901,10102.78627,7,moderate,quite rich,2326
27,female,3,own,9,business,good,161,0,0.033854039,4755.710217,7,NA,little,1449
30,male,4,own,18,car,good,101.1111111,0,0.032509558,3110.196414,3,NA,little,1820
19,female,2,rent,12,furniture/equipment,good,NA,0,-0.050069619,-1636.055318,3,moderate,rich,983
39,male,4,free,36,car,good,90.25,0,0.771023774,117.0521624,5,little,little,3249
31,female,3,own,6,radio/TV,good,326.1666667,0,0.04469344,7297.864417,4,little,little,1957
31,male,4,own,9,furniture/equipment,good,267.3333333,0,0.052346964,5106.950152,3,NA,little,2406
32,male,3,rent,39,education,good,301.5384615,1,0.213692481,1411.085967,5,moderate,moderate,11760
55,female,4,free,12,furniture/equipment,good,214.8333333,0,0.562638276,381.8320622,3,little,little,2578
46,male,3,own,36,furniture/equipment,good,65.22222222,1,0.197682797,329.9337274,7,little,little,2348
46,male,3,rent,12,car,bad,101.9166667,1,0.656073363,155.3433998,7,moderate,little,1223
43,female,2,own,24,radio/TV,good,63.16666667,1,0.094631071,667.504509,1,NA,rich,1516
39,male,3,own,18,radio/TV,good,81.83333333,0,0.028226562,2899.160522,6,NA,little,1473
28,male,3,own,18,business,good,104.8333333,1,0.109238228,959.6762567,8,moderate,NA,1887
27,male,3,own,24,business,bad,360.3333333,1,0.634249394,568.1256248,7,NA,little,8648
27,male,2,own,14,car,good,57.28571429,0,0.053184095,1077.121172,4,NA,little,802
43,male,3,own,18,car,good,161.0555556,1,0.206825344,778.7031933,7,moderate,NA,2899
22,male,3,own,24,radio/TV,bad,84.95833333,1,0.62962163,134.935538,6,moderate,little,2039
43,male,3,own,24,car,good,91.54166667,0,0.036127106,2533.877677,7,NA,NA,2197
27,male,3,own,15,radio/TV,good,70.2,0,0.050953324,1377.731498,8,little,little,1053
26,male,4,own,24,radio/TV,good,134.7916667,0,0.038628973,3489.393009,2,NA,quite rich,3235
28,male,3,own,12,car,bad,78.25,1,0.586430486,133.4344,10,rich,quite rich,939
20,female,3,own,24,radio/TV,good,81.95833333,0,0.013711297,5977.430954,10,moderate,little,1967
35,male,4,own,33,car,good,219.7878788,0,0.046698402,4706.539609,6,NA,little,7253
42,male,4,own,12,business,bad,191,1,0.543165515,351.6423532,1,NA,little,2292
40,male,2,rent,10,car,good,159.7,0,0.07012678,2277.304056,1,NA,quite rich,1597
35,female,3,own,24,car,bad,57.54166667,1,0.701956885,81.97322073,8,little,NA,1381
35,male,3,own,36,car,good,162.2777778,0,0.053123442,3054.730118,4,NA,little,5842
33,male,2,own,12,car,bad,214.9166667,1,0.68267404,314.8159357,2,little,little,2579
23,female,3,rent,18,education,good,470.6111111,1,0.397499913,1183.927583,4,little,NA,8471
31,female,4,own,21,car,good,132.4761905,0,0.042326359,3129.874434,3,NA,quite rich,2782
33,female,3,own,18,car,bad,57.88888889,1,0.464069293,124.7419078,7,moderate,NA,1042
20,female,3,rent,15,car,good,212.4,0,0.124714059,1703.095883,6,NA,rich,3186
30,male,3,own,12,car,good,169,0,0.053145108,3179.97284,6,moderate,NA,2028
47,male,2,own,12,car,good,79.83333333,0,0.050369434,1584.955928,2,moderate,little,958
34,male,4,own,21,furniture/equipment,good,75.76190476,1,0.146587508,516.8373895,3,NA,moderate,1591
25,female,3,own,12,furniture/equipment,bad,230.1666667,1,0.547607158,420.3134731,5,moderate,NA,2762
21,male,3,rent,18,car,good,154.3888889,0,0.232610924,663.7215739,7,moderate,little,2779
29,male,3,own,28,radio/TV,good,97.96428571,0,0.057645604,1699.423352,7,NA,little,2743
46,male,3,own,18,radio/TV,good,63.83333333,0,0.04784419,1334.191966,6,NA,rich,1149
20,male,3,own,9,furniture/equipment,good,145.8888889,1,0.268470393,543.4077378,6,NA,little,1313
55,female,1,free,18,repairs,bad,66.11111111,1,0.784237904,84.29981615,2,little,little,1190
74,male,2,own,5,business,good,689.6,1,0.134947638,5110.130191,0,NA,little,3448
29,male,4,own,24,vacation/others,bad,472,0,0.525165344,898.764561,2,moderate,little,11328
36,male,4,free,6,furniture/equipment,good,312,0,0.63174129,493.8730539,3,little,little,1872
33,male,3,own,24,repairs,good,85.75,1,0.133432959,642.644821,7,NA,little,2058
25,male,3,own,9,furniture/equipment,good,237.3333333,1,0.202906945,1169.665896,5,little,little,2136
25,male,3,own,12,radio/TV,bad,123.6666667,1,0.67759359,182.5086136,7,moderate,NA,1484
23,male,2,rent,6,repairs,good,110,0,-0.008470193,-12986.71781,1,NA,quite rich,660
37,female,3,own,24,car,good,53.625,1,0.273487158,196.0786763,5,NA,rich,1287
65,male,1,own,42,repairs,good,80.80952381,0,0.028171481,2868.486924,2,little,little,3394
26,female,1,own,12,business,bad,50.75,1,0.736331551,68.92275628,1,rich,little,609
39,male,4,own,12,car,good,157,0,0.045668824,3437.793816,2,NA,little,1884
30,female,3,own,12,furniture/equipment,good,135,1,0.193062333,699.2560285,8,little,little,1620
29,male,3,own,20,vacation/others,good,131.45,1,0.222179377,591.6390703,3,moderate,little,2629
41,male,2,own,12,education,bad,59.91666667,1,0.710512542,84.32879522,1,NA,little,719
30,female,4,own,48,furniture/equipment,bad,106.1666667,1,0.56347958,188.4126248,2,moderate,little,5096
41,female,2,rent,9,education,good,138.2222222,0,0.201393351,686.3296217,3,NA,NA,1244
34,female,3,own,36,car,bad,51.16666667,1,0.574939486,88.99487319,8,little,little,1842
35,male,3,own,7,radio/TV,good,368,0,0.066984775,5493.785711,6,moderate,little,2576
55,female,4,own,12,furniture/equipment,good,118.6666667,0,0.033596178,3532.147842,2,rich,NA,1424
61,male,3,own,15,repairs,bad,100.8,0,0.413816115,243.5864539,1,moderate,rich,1512
30,male,4,own,36,car,good,307.0555556,0,0.062417544,4919.378968,4,NA,NA,11054
29,female,3,own,6,radio/TV,good,86.33333333,0,0.036445211,2368.852636,4,NA,little,518
34,male,3,own,12,furniture/equipment,good,229.9166667,0,0.044116664,5211.560558,6,NA,little,2759
35,male,4,own,24,car,good,111.25,1,0.240849263,461.9071643,3,NA,little,2670
31,male,3,own,24,car,bad,200.7083333,1,0.55224008,363.4439814,10,little,little,4817
29,female,4,own,24,car,good,111.625,1,0.099097121,1126.420211,1,NA,little,2679
36,male,3,rent,11,car,good,355,0,0.127303519,2788.611048,9,little,little,3905
35,male,3,free,12,car,bad,282.1666667,1,0.705236717,400.1020647,6,little,little,3386
27,female,3,own,6,domestic appliances,good,57.16666667,0,0.017828172,3206.53556,5,little,little,343
32,male,3,own,18,radio/TV,good,255.2222222,0,0.055337158,4612.130977,6,NA,little,4594
37,male,3,own,36,furniture/equipment,good,100.5555556,1,0.17452982,576.1511448,7,little,little,3620
36,male,3,own,15,car,good,114.7333333,1,0.118471259,968.4486751,5,little,little,1721
34,female,4,rent,12,furniture/equipment,good,251.4166667,1,0.365107089,688.6107513,3,moderate,little,3017
38,male,3,own,12,education,good,62.83333333,0,0.056877079,1104.721525,7,moderate,NA,754
34,male,3,own,18,business,good,108.3333333,0,0.028143867,3849.269687,4,NA,little,1950
63,male,3,own,24,car,good,121.8333333,1,0.170295977,715.4210879,7,little,little,2924
29,female,2,rent,24,radio/TV,bad,69.125,1,0.57393894,120.4396412,1,little,little,1659
32,male,3,own,48,radio/TV,good,150.7916667,0,0.036866358,4090.224168,8,NA,NA,7238
26,female,3,own,33,business,good,83.75757576,0,0.026315905,3182.773946,8,NA,little,2764
35,male,2,own,24,car,good,194.9583333,1,0.18721132,1041.381114,4,NA,little,4679
22,male,3,rent,24,radio/TV,bad,128.8333333,0,0.559288061,230.3523753,9,moderate,moderate,3092
23,female,3,own,6,education,bad,74.66666667,1,0.449585385,166.0789455,8,little,little,448
28,male,2,own,9,car,bad,72.66666667,1,0.736510386,98.66346495,3,little,little,654
36,male,4,own,6,education,good,206.3333333,1,0.189442204,1089.162443,3,NA,NA,1238
33,male,3,own,18,radio/TV,bad,69.16666667,1,0.448368145,154.2631149,5,moderate,little,1245
26,female,3,rent,18,furniture/equipment,bad,173,1,0.701021721,246.7826529,6,little,little,3114
24,male,3,own,39,car,good,65.87179487,0,0.055614454,1184.436591,5,NA,quite rich,2569
25,male,3,own,24,radio/TV,good,214.6666667,1,0.265191905,809.4766951,5,rich,little,5152
39,male,2,own,12,business,good,86.41666667,0,0.036154779,2390.186562,1,moderate,moderate,1037
44,male,3,own,15,furniture/equipment,good,98.53333333,0,0.045968016,2143.519365,8,little,little,1478
23,female,2,own,12,radio/TV,good,297.75,0,0.031684435,9397.358773,3,moderate,little,3573
26,male,3,own,24,car,good,50.04166667,1,0.125261565,399.4973771,6,moderate,little,1201
57,female,3,rent,30,furniture/equipment,good,120.7333333,0,0.168113269,718.1665891,8,little,rich,3622
30,female,3,own,15,furniture/equipment,good,64,0,0.039571758,1617.315058,4,NA,rich,960
44,male,3,own,12,car,good,96.91666667,1,0.125533042,772.041088,6,NA,quite rich,1163
47,male,4,own,6,car,bad,201.5,0,0.451496655,446.2934499,1,moderate,little,1209
52,male,3,own,12,radio/TV,good,NA,0,0.039350946,6516.150045,6,NA,little,3077
62,female,3,free,24,car,good,156.5416667,1,0.934727055,167.4731312,6,NA,little,3757
NA,male,2,rent,10,car,good,141.8,1,0.185736375,763.4476544,2,NA,moderate,1418
26,male,3,rent,6,car,good,586.3333333,1,0.351927503,1666.062837,8,NA,little,3518
26,male,3,own,12,radio/TV,good,161.1666667,0,0.004778494,33727.50319,6,NA,little,1934
42,female,4,free,27,business,bad,308.0740741,0,0.504455243,610.7064569,5,moderate,little,8318
27,female,3,own,6,radio/TV,good,206.1666667,0,0.04723009,4365.155107,9,NA,moderate,1237
38,male,3,own,6,radio/TV,good,61.33333333,0,0.047346441,1295.415924,6,moderate,NA,368
39,male,2,rent,12,car,good,176.8333333,1,0.175330691,1008.570332,1,little,little,2122
20,male,3,own,24,furniture/equipment,bad,124.8333333,1,0.488289333,255.6544346,9,little,NA,2996
29,male,4,rent,36,furniture/equipment,bad,250.9444444,1,0.400538086,626.5183091,3,moderate,moderate,9034
40,male,3,own,24,furniture/equipment,good,66.04166667,1,0.160828723,410.6335317,7,NA,little,1585
32,male,2,own,18,radio/TV,good,72.27777778,1,0.200810422,359.9304114,0,moderate,little,1301
28,male,3,own,6,car,good,220.5,0,0.050956397,4327.228992,7,rich,moderate,1323
27,female,3,own,24,car,bad,130.125,0,0.543164874,239.5681424,7,little,little,3123
42,male,3,free,36,car,good,152.5833333,0,0.644806349,236.6343533,5,little,little,5493
49,male,3,own,9,radio/TV,good,125.1111111,0,0.032511359,3848.227619,7,rich,moderate,1126
38,male,3,own,24,radio/TV,bad,50.66666667,1,0.484628044,104.5475336,5,moderate,moderate,1216
24,female,3,rent,24,car,bad,50.29166667,1,0.679724199,73.98834228,5,little,little,1207
27,male,2,own,10,car,bad,130.9,1,0.688369908,190.1593874,2,NA,NA,1309
36,male,3,own,15,car,good,157.3333333,0,0.048984597,3211.893986,9,rich,quite rich,2360
34,male,4,own,15,car,bad,456.6666667,1,0.657958659,694.0658966,3,moderate,moderate,6850
28,male,3,own,24,radio/TV,good,58.875,0,0.069975884,841.3612943,6,NA,little,1413
45,male,4,own,39,car,good,220.2051282,1,0.216629408,1016.506161,5,NA,moderate,8588
26,male,3,own,12,car,bad,63.25,1,0.542527931,116.5838594,6,little,little,759
32,male,4,free,36,car,good,130.1666667,0,0.571940608,227.5877334,5,NA,little,4686
26,male,3,rent,15,business,good,179.1333333,0,0.151003874,1186.283033,9,rich,little,2687
20,male,3,rent,12,radio/TV,good,48.75,1,0.332493653,146.6193403,4,moderate,little,585
54,male,3,own,24,car,good,93.95833333,1,0.293973895,319.614547,8,NA,NA,2255
37,female,3,own,6,car,good,101.5,0,0.025244599,4020.662004,8,little,little,609
40,male,2,own,6,car,good,226.8333333,0,0.039036067,5810.865428,2,little,little,1361
23,female,3,rent,36,furniture/equipment,bad,197.9722222,0,0.423918372,467.0055256,9,NA,little,7127
43,male,3,own,6,car,good,200.5,1,0.181686567,1103.548839,7,little,moderate,1203
36,male,3,free,6,radio/TV,good,116.6666667,0,0.448228126,260.2841272,9,NA,NA,700
44,male,3,free,24,repairs,good,229.4583333,0,0.535344399,428.6181641,6,NA,little,5507
24,female,3,own,18,radio/TV,bad,177.2222222,1,0.668997907,264.9069903,10,little,little,3190
53,male,3,free,48,furniture/equipment,bad,148.3125,0,0.449479605,329.9649158,6,little,little,7119
23,female,3,own,24,car,good,145.3333333,0,0.032384738,4487.71064,8,NA,moderate,3488
26,female,2,own,18,radio/TV,good,61.83333333,0,0.055638179,1111.34718,1,moderate,little,1113
30,male,3,own,26,car,good,306.3846154,0,0.034115428,8980.822865,8,moderate,little,7966
31,female,3,own,15,education,good,102.1333333,0,0.05618249,1817.885482,5,NA,moderate,1532
42,male,2,own,4,radio/TV,good,375.75,1,0.127084336,2956.697992,1,NA,little,1503
31,male,3,rent,36,radio/TV,bad,63.94444444,0,0.253653389,252.0937915,6,little,little,2302
41,male,2,own,6,car,good,110.3333333,0,0.042979515,2567.11444,3,little,little,662
32,male,3,own,36,education,good,63.13888889,1,0.262871505,240.1891709,6,moderate,little,2273
28,female,3,rent,15,car,bad,175.4,1,0.651779084,269.109587,7,moderate,moderate,2631
41,male,3,rent,12,car,good,125.25,1,0.358932324,348.9515754,4,NA,little,1503
26,male,3,own,24,radio/TV,good,54.625,0,0.060057917,909.5386975,7,NA,moderate,1311
25,male,3,own,24,radio/TV,good,129.375,0,0.02426289,5332.21728,5,NA,NA,3105
33,male,3,rent,21,education,bad,110.4285714,1,0.692672506,159.4239276,6,rich,little,2319
75,female,4,own,6,car,good,229,1,0.095810865,2390.125583,5,little,NA,1374
37,female,3,own,18,furniture/equipment,good,200.6666667,0,0.044242871,4535.570616,6,moderate,little,3612
42,male,4,free,48,car,bad,161.7291667,1,0.552551858,292.6950011,0,little,little,7763
45,female,2,own,18,furniture/equipment,good,169.3888889,1,0.054721304,3095.483435,1,rich,little,3049
23,male,3,rent,12,radio/TV,bad,127.8333333,0,0.362461986,352.6806621,9,moderate,little,1534
60,male,3,free,24,car,good,84.66666667,0,0.246646088,343.2718816,7,NA,little,2032
31,male,3,own,30,furniture/equipment,bad,211.6666667,1,0.549546201,385.1662811,9,little,NA,6350
34,male,2,own,18,furniture/equipment,bad,159.1111111,1,0.652899156,243.6993671,3,rich,little,2864
61,male,2,own,12,car,good,104.5833333,0,0.055549795,1882.695205,1,NA,little,1255
43,male,3,free,24,car,bad,55.54166667,1,0.68569677,81.00033292,3,little,little,1333
37,female,3,own,24,car,good,84.25,1,0.138700111,607.4256124,8,NA,little,2022
32,male,3,own,24,radio/TV,good,64.66666667,0,0.055020129,1175.327436,6,NA,little,1552
24,female,2,own,12,radio/TV,bad,52.16666667,1,0.998667684,52.23626189,3,little,little,626
35,male,3,free,48,car,good,184.5416667,0,0.456910016,403.8906135,6,NA,NA,8858
23,female,3,own,12,repairs,good,83,0,0.058186838,1426.439438,9,NA,NA,996
45,male,2,own,6,radio/TV,good,291.6666667,0,0.05809625,5020.404339,3,NA,quite rich,1750
34,male,3,own,48,radio/TV,bad,145.8125,1,0.517994883,281.4940935,6,little,little,6999
27,male,3,own,12,car,good,166.25,0,0.088599918,1876.412575,7,moderate,moderate,1995
67,female,4,own,9,education,good,133.2222222,0,0.032066643,4154.542262,3,moderate,little,1199
22,male,3,own,12,radio/TV,bad,110.9166667,1,0.587104988,188.9213496,4,moderate,little,1331
28,female,3,own,18,car,bad,126.5555556,1,0.717677677,176.3403819,8,moderate,moderate,2278
29,female,3,own,21,car,bad,238.2380952,1,0.569421567,418.3861465,8,NA,NA,5003
27,male,3,own,24,furniture/equipment,bad,148,1,0.670159842,220.8428359,5,little,little,3552
31,male,2,own,18,furniture/equipment,bad,107.1111111,1,0.55956521,191.4184606,2,moderate,little,1928
49,male,3,free,24,car,good,123.5,1,0.587418833,210.2418121,9,little,NA,2964
24,male,2,rent,24,radio/TV,bad,64.41666667,1,0.868087614,74.20525954,2,little,little,1546
29,female,3,own,6,radio/TV,good,113.8333333,1,0.237700528,478.8939023,6,rich,little,683
37,male,3,free,36,car,bad,344.1388889,0,0.654795262,525.5671637,4,moderate,NA,12389
37,male,4,own,24,business,good,196.3333333,1,0.1267571,1548.894171,3,moderate,NA,4712
23,female,3,rent,24,radio/TV,good,64.70833333,1,0.446788109,144.8300256,9,moderate,moderate,1553
36,male,3,own,12,car,bad,114.3333333,0,0.48919476,233.7174119,7,little,little,1372
34,male,3,own,24,radio/TV,good,107.4166667,1,0.199546459,538.3040472,7,NA,rich,2578
41,male,3,own,48,radio/TV,good,82.89583333,0,0.03730736,2221.969969,7,moderate,NA,3979
31,female,3,own,48,radio/TV,bad,140.7916667,0,0.633401595,222.2786739,6,little,little,6758
23,female,2,rent,24,furniture/equipment,bad,134.75,1,0.471193311,285.9760461,4,little,little,3234
38,male,3,own,30,radio/TV,good,198.4666667,0,0.06422672,3090.095004,2,NA,little,5954
26,female,4,rent,24,car,good,226.375,1,0.18681572,1211.755626,3,NA,NA,5433
22,female,2,own,15,business,good,53.73333333,0,0.034720593,1547.592596,2,little,little,806
27,male,2,own,9,radio/TV,good,120.2222222,0,0.056027175,2145.784103,2,moderate,little,1082
24,female,3,own,15,furniture/equipment,good,185.8666667,0,0.037095851,5010.443497,5,NA,little,2788
27,female,3,own,12,radio/TV,good,244.1666667,0,0.050025606,4880.833771,6,moderate,little,2930
33,female,3,own,24,education,good,80.29166667,1,0.072975,1100.262653,7,NA,NA,1927
27,male,3,own,36,car,bad,78.33333333,1,0.494155946,158.5194592,4,moderate,little,2820
27,male,2,own,24,education,good,39.04166667,0,0.062105903,628.6305254,1,NA,little,937
30,male,3,own,18,car,bad,58.66666667,1,0.667962814,87.82924061,5,moderate,little,1056
49,male,2,own,12,car,good,260.3333333,1,0.140385415,1854.418667,2,moderate,little,3124
26,female,3,rent,9,furniture/equipment,good,154.2222222,0,0.056235644,2742.428335,3,NA,little,1388
33,male,2,rent,36,repairs,bad,66.22222222,1,0.44870235,147.5860828,1,moderate,little,2384
52,female,4,free,12,car,good,177.75,0,0.420494024,422.7170658,2,NA,NA,2133
20,female,3,rent,18,furniture/equipment,bad,113.2777778,1,0.72034743,157.2543651,7,little,little,2039
36,male,3,rent,9,car,good,311,0,0.009191472,33835.71126,7,little,little,2799
21,male,2,own,12,furniture/equipment,good,107.4166667,0,0.035680564,3010.509222,4,little,little,1289
47,male,2,own,18,domestic appliances,bad,67.61111111,1,0.906373809,74.59517299,1,little,little,1217
60,male,3,own,12,furniture/equipment,bad,187.1666667,1,0.587080981,318.8089422,7,little,little,2246
58,female,2,own,12,radio/TV,good,32.08333333,1,0.131076312,244.7683562,2,little,little,385
42,female,3,rent,24,car,good,81.875,1,0.160770097,509.2675917,8,moderate,NA,1965
36,female,2,own,21,business,good,74.85714286,0,0.044815431,1670.343034,2,NA,rich,1572
20,female,2,rent,24,car,bad,113.25,0,0.329304082,343.907064,2,moderate,little,2718
40,male,4,own,24,vacation/others,bad,56.58333333,0,0.348913085,162.1702817,3,little,NA,1358
32,female,2,own,6,car,bad,155.1666667,1,0.539766845,287.4697992,3,moderate,moderate,931
23,female,3,rent,24,car,bad,60.08333333,1,0.380828802,157.7699296,5,little,little,1442
36,male,2,own,24,business,bad,176.7083333,1,0.601889769,293.5891958,1,moderate,little,4241
31,male,3,own,18,car,bad,154.1666667,1,0.858518717,179.5728662,7,NA,little,2775
32,male,3,free,24,business,good,160.9583333,1,0.577969374,278.4893812,6,NA,little,3863
45,female,3,own,7,radio/TV,good,332.7142857,0,0.058437399,5693.516327,7,moderate,little,2329
30,female,3,own,9,furniture/equipment,bad,102,1,0.695355334,146.6875927,11,moderate,little,918
34,female,2,free,24,education,bad,76.54166667,1,0.571215843,133.9978006,1,moderate,little,1837
28,female,4,own,36,furniture/equipment,bad,93.02777778,1,0.720787067,129.0641607,2,NA,little,3349
23,female,3,own,10,furniture/equipment,good,127.5,1,0.208909482,610.3121732,9,rich,little,1275
22,male,3,own,24,furniture/equipment,good,117.8333333,1,0.156007591,755.3051249,6,little,quite rich,2828
74,male,4,own,24,business,good,188.5833333,0,0.05785192,3259.759286,3,NA,little,4526
50,female,3,free,36,radio/TV,bad,74.19444444,1,0.695682472,106.649869,4,moderate,moderate,2671
33,male,3,own,18,radio/TV,good,113.9444444,0,0.056839648,2004.664842,6,NA,little,2051
45,male,3,free,15,car,good,86.66666667,0,0.483178678,179.3677385,7,NA,NA,1300
22,female,3,own,12,domestic appliances,bad,61.75,1,0.617661455,99.97386026,11,little,moderate,741
48,female,2,free,10,car,bad,124,1,0.81334559,152.456719,2,rich,moderate,1240
29,female,3,own,21,radio/TV,good,159.8571429,1,0.167159386,956.3156874,5,little,rich,3357
22,female,3,rent,24,car,good,151.3333333,0,0.176034759,859.6787042,5,little,little,3632
22,female,3,own,18,furniture/equipment,bad,100.4444444,0,0.550506421,182.4582615,5,NA,little,1808
48,male,4,own,48,business,good,254.25,0,0.052427002,4849.600205,1,moderate,NA,12204
27,male,4,free,60,radio/TV,good,152.6166667,1,0.549577625,277.6981082,1,moderate,NA,9157
37,male,3,rent,6,car,good,612.6666667,0,-0.035612556,-17203.66992,7,little,little,3676
21,female,3,rent,30,furniture/equipment,bad,114.7,1,0.889193372,128.9933142,8,moderate,moderate,3441
49,male,2,own,12,car,good,53.33333333,1,0.290159051,183.8072364,3,NA,little,640
27,male,3,own,21,business,good,173.9047619,1,0.168110159,1034.469084,7,moderate,little,3652
32,male,3,own,18,car,bad,85,0,0.492404383,172.6223466,6,NA,little,1530
38,male,3,own,48,business,bad,81.54166667,1,0.752693602,108.3331471,9,NA,NA,3914
22,female,3,rent,12,furniture/equipment,good,154.8333333,0,0.116713296,1326.612631,6,little,little,1858
65,male,3,free,18,radio/TV,bad,144.4444444,0,0.478855712,301.6450278,8,little,little,2600
35,male,3,own,15,radio/TV,good,131.9333333,0,0.046881999,2814.157566,10,NA,NA,1979
41,male,3,own,6,furniture/equipment,good,352.6666667,0,0.031817612,11084.00796,4,rich,little,2116
29,male,3,own,9,car,bad,159.6666667,0,0.452932067,352.5179121,8,moderate,moderate,1437
36,male,3,own,42,furniture/equipment,good,96.23809524,1,0.070578322,1363.564507,7,NA,quite rich,4042
64,male,2,own,9,education,good,425.7777778,0,0.057348314,7424.41668,2,NA,NA,3832
28,female,3,own,24,radio/TV,good,152.5,0,0.035687971,4273.148482,8,little,little,3660
44,male,3,own,18,furniture/equipment,bad,86.27777778,1,0.72053381,119.7414703,6,little,little,1553
23,male,3,own,15,radio/TV,good,96.26666667,1,0.287388214,334.9708235,7,moderate,NA,1444
19,female,3,rent,9,furniture/equipment,bad,220,1,0.598917428,367.3294344,5,NA,little,1980
25,female,2,own,24,car,bad,56.45833333,0,0.474952502,118.8715357,2,moderate,little,1355
47,male,3,own,12,education,good,116.0833333,1,0.092168674,1259.466246,6,NA,little,1393
28,female,3,own,24,radio/TV,good,57.33333333,0,0.059413331,964.9910686,9,NA,quite rich,1376
21,male,3,own,60,radio/TV,good,260.8833333,1,0.243091371,1073.190432,11,NA,little,15653
NA,female,3,own,12,radio/TV,good,124.4166667,1,0.100511505,1237.835073,8,NA,little,1493
26,male,3,own,42,radio/TV,bad,104.047619,1,0.61793066,168.3807357,7,little,little,4370
27,female,1,own,18,education,bad,41.66666667,1,0.702443834,59.31672349,0,little,little,750
38,male,2,own,15,repairs,good,87.2,0,0.036736701,2373.648065,1,moderate,little,1308
40,male,4,own,15,education,bad,308.2,1,0.568021739,542.584867,2,NA,moderate,4623
33,male,3,own,24,radio/TV,good,77.125,1,0.146745406,525.5701149,6,NA,little,1851
32,male,4,own,18,radio/TV,good,104.4444444,0,0.041883399,2493.695505,4,little,little,1880
27,male,3,rent,36,business,bad,221.6666667,1,0.614359772,360.8092146,8,NA,NA,7980
32,male,3,own,30,furniture/equipment,good,152.7666667,1,0.304218605,502.1608275,6,little,little,4583
26,female,3,own,12,car,bad,115.5,1,0.325371434,354.9789191,8,NA,quite rich,1386
38,male,3,free,24,car,bad,39.45833333,1,0.396769392,99.44903534,10,rich,little,947
40,male,2,rent,12,education,bad,57,0,0.450793665,126.4436579,2,little,little,684
50,male,4,free,48,education,good,155.75,1,0.319248995,487.863712,1,little,little,7476
37,male,2,own,12,furniture/equipment,bad,160.1666667,0,0.616660566,259.7322993,1,moderate,little,1922
45,male,3,own,24,car,bad,95.95833333,1,0.67797061,141.5376005,8,little,little,2303
42,male,4,own,36,car,bad,224.6111111,0,0.778168424,288.6407416,5,moderate,moderate,8086
35,male,3,own,24,car,good,97.75,1,0.176700339,553.1964491,6,NA,little,2346
22,male,3,free,14,car,good,283.7857143,0,0.282520036,1004.47996,6,little,little,3973
41,male,2,own,12,car,bad,74,1,0.632146242,117.06152,3,moderate,little,888
37,male,3,own,48,radio/TV,good,212.9583333,1,0.202655221,1050.840597,5,NA,NA,10222
28,female,3,own,30,business,good,140.7,0,0.039239216,3585.698555,9,moderate,little,4221
41,male,3,own,18,furniture/equipment,good,353.3888889,0,0.030276408,11672.08757,9,moderate,little,6361
23,male,3,rent,12,radio/TV,good,108.0833333,1,0.259009419,417.2949916,4,rich,little,1297
23,male,3,own,12,car,bad,75,1,0.624758773,120.0463334,6,little,NA,900
50,male,3,own,21,furniture/equipment,good,106.7142857,1,0.145508157,733.3904024,4,NA,little,2241
35,male,4,own,6,furniture/equipment,good,175,0,0.052944281,3305.361725,3,moderate,little,1050
50,female,2,own,6,education,good,174.5,0,0.045628501,3824.364085,1,rich,little,1047
27,male,4,own,24,vacation/others,good,263.0833333,1,0.22486694,1169.95114,5,NA,little,6314
34,male,3,own,30,furniture/equipment,good,116.5333333,0,0.03317226,3512.975442,7,moderate,rich,3496
27,female,3,own,48,business,good,75.1875,1,0.107559531,699.0314961,8,NA,little,3609
43,male,3,rent,12,car,bad,403.5833333,1,0.731641302,551.6136556,8,little,little,4843
47,male,3,own,30,radio/TV,good,100.5666667,0,0.062349217,1612.957971,5,rich,little,3017
27,male,2,own,24,business,good,172.4583333,0,0.025617781,6731.977858,1,NA,moderate,4139
31,male,3,own,36,business,good,159.5,1,0.103400439,1542.546639,4,NA,moderate,5742
42,male,4,own,60,car,good,172.7666667,0,0.060135098,2872.97558,4,NA,little,10366
24,male,3,own,6,car,good,346.6666667,1,0.205136266,1689.933588,7,NA,quite rich,2080
41,male,2,own,21,business,bad,122.8571429,1,0.560565117,219.1665857,3,NA,quite rich,2580
26,female,4,rent,30,radio/TV,good,151,0,-0.043406108,-3478.77304,3,NA,little,4530
33,male,3,own,24,furniture/equipment,good,214.5833333,0,0.070328227,3051.169396,9,NA,little,5150
24,male,3,own,72,radio/TV,bad,77.70833333,1,0.375057251,207.1905905,7,moderate,moderate,5595
64,male,2,rent,24,radio/TV,good,99.33333333,0,0.195141476,509.0323978,1,little,little,2384
26,female,3,own,18,radio/TV,good,80.72222222,1,0.192381365,419.59481,5,NA,little,1453
56,female,3,own,6,education,good,256.3333333,0,0.068379387,3748.693069,7,NA,little,1538
37,male,3,free,12,radio/TV,good,NA,1,0.5559337,341.6174745,5,NA,NA,2279
33,male,3,own,15,radio/TV,good,98.53333333,1,0.160557331,613.695637,6,NA,little,1478
47,male,3,free,24,radio/TV,good,212.625,0,0.733163254,290.0104429,4,NA,little,5103
31,male,2,own,36,business,good,273.8055556,1,0.312940958,874.9431764,2,moderate,moderate,9857
NA,male,3,free,60,car,good,108.7833333,1,0.758038447,143.5063534,9,NA,NA,6527
27,male,3,own,10,radio/TV,good,134.7,1,0.086952738,1549.117407,8,rich,NA,1347
30,male,3,free,36,car,good,79.5,0,0.729584878,108.9660742,8,moderate,moderate,2862
35,male,3,own,9,radio/TV,good,305.8888889,0,0.059260483,5161.768423,6,NA,moderate,2753
31,male,3,own,12,car,good,304.25,1,0.233875556,1300.90551,7,little,rich,3651
25,male,3,own,15,furniture/equipment,good,65,1,0.102989067,631.1349524,6,little,little,975
25,female,2,own,15,repairs,good,175.4,0,0.036676637,4782.335974,3,moderate,moderate,2631
29,male,3,own,24,radio/TV,good,120.6666667,0,0.038111973,3166.109121,6,moderate,moderate,2896
44,male,2,own,6,car,good,786,0,0.054790325,14345.59841,1,little,NA,4716
28,male,3,own,24,radio/TV,good,95.16666667,0,0.061812093,1539.61242,9,NA,little,2284
50,male,3,rent,6,car,good,206,0,0.203268505,1013.437865,5,NA,quite rich,1236
29,male,3,own,12,radio/TV,good,91.91666667,0,0.037801883,2431.536719,8,moderate,little,1103
38,female,1,own,12,car,good,77.16666667,1,0.078594099,981.8379232,2,NA,little,926
24,male,3,own,18,radio/TV,good,100,1,0.200880134,497.809305,8,NA,little,1800
40,male,4,rent,15,education,good,127,0,0.354878074,357.8693905,2,rich,little,1905
29,female,2,rent,12,furniture/equipment,bad,93.58333333,1,0.659839022,141.8275219,1,NA,quite rich,1123
46,male,3,free,48,car,bad,131.8958333,1,0.587304225,224.5783834,8,little,little,6331
47,female,3,free,24,radio/TV,good,57.375,1,0.662559237,86.59603062,5,rich,moderate,1377
41,male,3,own,30,business,good,83.43333333,0,0.045174104,1846.928337,7,moderate,moderate,2503
32,female,3,own,27,business,good,93.62962963,0,0.060392385,1550.354901,5,moderate,little,2528
35,female,3,free,15,car,good,354.9333333,1,0.608537098,583.2566898,8,NA,quite rich,5324
24,male,3,own,48,car,bad,136.6666667,1,0.468368293,291.7931649,8,moderate,moderate,6560
25,female,3,rent,12,furniture/equipment,bad,247.4166667,1,0.595946913,415.1656148,8,moderate,little,2969
25,female,3,own,9,radio/TV,good,134,0,0.047320781,2831.736891,4,moderate,little,1206
37,male,2,own,9,radio/TV,good,235.3333333,1,0.145854495,1613.480157,3,moderate,little,2118
32,male,4,own,18,radio/TV,good,34.94444444,0,0.039186215,891.7535106,2,NA,quite rich,629
35,female,3,free,6,education,bad,199.6666667,1,0.495886457,402.6459359,8,little,little,1198
46,male,4,own,21,car,good,117.9047619,0,0.038631771,3052.015428,3,NA,NA,2476
25,male,2,own,9,radio/TV,good,126.4444444,0,0.047353971,2670.197284,2,little,little,1138
27,male,4,own,60,car,bad,233.7833333,1,0.632532609,369.5988635,1,moderate,little,14027
63,male,3,own,30,car,good,253.2,1,0.075302521,3362.437209,6,NA,NA,7596
40,male,3,own,30,radio/TV,good,102.5666667,0,0.051543451,1989.906841,7,NA,NA,3077
32,male,4,free,18,radio/TV,good,83.61111111,0,0.615877507,135.7593194,0,NA,little,1505
31,male,3,own,24,radio/TV,good,131.1666667,0,0.019489471,6730.129762,7,rich,NA,3148
31,male,3,own,20,car,good,307.4,1,0.141456072,2173.112796,6,moderate,moderate,6148
34,male,4,own,9,radio/TV,bad,148.5555556,0,0.454128763,327.1221018,3,rich,little,1337
24,female,3,rent,6,education,bad,72.16666667,1,0.494023154,146.0795229,3,moderate,rich,433
24,female,2,own,12,car,bad,102.3333333,1,0.687838068,148.7753268,2,little,little,1228
66,female,2,own,9,radio/TV,good,87.77777778,1,0.124996694,702.2407965,3,moderate,quite rich,790
21,female,3,rent,27,car,bad,95.18518519,0,0.439533328,216.5596537,7,NA,little,2570
41,female,2,own,6,car,good,41.66666667,0,0.034830458,1196.270988,2,NA,rich,250
47,male,2,own,15,radio/TV,good,87.73333333,1,0.225040207,389.8562603,2,NA,quite rich,1316
25,female,3,rent,18,radio/TV,bad,104.5555556,1,0.573815006,182.2112605,7,little,little,1882
59,female,3,rent,48,business,bad,133.6666667,1,0.590946766,226.1907069,5,moderate,little,6416
36,male,3,own,24,business,good,53.125,0,0.029013403,1831.050266,8,rich,rich,1275
33,male,3,own,24,radio/TV,good,266.7916667,1,0.172885923,1543.165933,7,moderate,little,6403
21,male,2,rent,24,radio/TV,bad,82.79166667,1,0.626480339,132.153655,1,little,little,1987
44,female,2,own,8,radio/TV,good,95,1,0.089405678,1062.572338,2,moderate,little,760
28,female,3,rent,24,car,good,108.4583333,1,0.311378384,348.3168354,10,NA,rich,2603
37,female,3,own,4,car,good,845,0,0.055847625,15130.45542,8,NA,little,3380
29,female,1,own,36,domestic appliances,good,110.8333333,1,0.219629781,504.6370895,1,moderate,NA,3990
23,female,4,rent,24,car,bad,481.6666667,1,0.413922475,1163.663961,2,moderate,little,11560
35,male,2,own,18,car,good,243.3333333,0,0.048566102,5010.353349,2,little,moderate,4380
45,male,4,own,6,car,good,1126.833333,0,0.035819402,31458.74208,3,NA,little,6761
26,female,2,rent,30,business,bad,142.6666667,1,0.493025929,289.3695,3,moderate,moderate,4280
32,male,3,own,24,car,good,96.875,1,0.255387746,379.32517,5,little,moderate,2325
23,male,2,own,10,radio/TV,good,104.8,0,0.042673125,2455.878269,1,moderate,little,1048
41,male,3,own,21,radio/TV,good,150.4761905,1,0.05898377,2551.145701,9,NA,NA,3160
22,male,3,own,24,furniture/equipment,good,103.4583333,0,0.01843933,5610.742615,7,little,quite rich,2483
30,male,4,own,39,furniture/equipment,good,363.5641026,1,0.227140837,1600.610915,5,little,NA,14179
28,male,2,own,13,business,good,138.2307692,1,0.243555603,567.5532291,1,little,little,1797
23,female,3,rent,15,car,good,167.4,0,0.12201543,1371.957627,12,little,little,2511
37,female,2,own,12,car,bad,106.1666667,1,0.654159373,162.2948031,1,little,little,1274
26,male,3,own,21,car,good,249.9047619,0,0.07316489,3415.637769,6,NA,NA,5248
33,male,3,own,15,car,good,201.9333333,0,0.057188144,3531.034904,5,NA,little,3029
49,female,3,own,6,furniture/equipment,good,71.33333333,0,0.037916465,1881.328669,8,little,little,428
23,female,2,own,18,car,bad,54.22222222,1,0.659530318,82.21338838,2,little,little,976
23,female,2,rent,12,business,good,70.08333333,1,0.306222791,228.8638713,2,moderate,moderate,841
25,female,3,own,30,radio/TV,good,192.3666667,0,0.050418712,3815.382427,5,NA,little,5771
55,male,3,free,12,repairs,bad,129.5833333,1,0.8506196,152.3399335,8,NA,rich,1555
32,female,3,rent,24,car,bad,53.54166667,1,0.618708372,86.53780852,5,little,NA,1285
74,male,1,own,6,car,good,216.5,0,0.031926733,6781.151163,1,rich,little,1299
39,male,3,free,15,radio/TV,bad,84.73333333,1,0.699945415,121.0570589,5,rich,NA,1271
31,male,3,own,24,car,good,58.04166667,1,0.2489085,233.1847516,5,NA,little,1393
35,male,3,own,12,car,bad,57.58333333,0,0.259719023,221.7139611,6,little,little,691
59,female,3,own,15,car,good,336.3333333,0,0.032874106,10230.94992,10,NA,NA,5045
24,female,3,rent,18,furniture/equipment,bad,118,0,0.283394616,416.3805281,8,little,little,2124
24,male,2,own,12,radio/TV,good,184.5,1,0.11922703,1547.467886,4,little,little,2214
30,male,4,free,21,car,bad,603.8095238,0,0.318414925,1896.297809,4,NA,NA,12680
27,male,3,own,24,car,good,102.625,0,0.060509125,1696.025199,8,NA,moderate,2463
40,male,2,own,12,radio/TV,good,96.25,0,0.058080005,1657.196823,0,moderate,little,1155
31,male,2,own,30,furniture/equipment,bad,103.6,1,0.522004987,198.4655368,1,little,little,3108
31,female,3,rent,10,car,good,290.1,0,0.190836985,1520.145586,8,NA,NA,2901
28,male,3,rent,12,furniture/equipment,good,301.4166667,0,0.029100185,10357.89506,7,moderate,little,3617
63,male,2,own,12,radio/TV,good,137.9166667,0,0.040476908,3407.292575,2,NA,little,1655
26,female,3,rent,24,car,good,117.1666667,0,0.150874485,776.5837055,7,little,NA,2812
25,female,4,own,36,education,bad,224.0277778,1,0.469316359,477.3491767,5,little,little,8065
36,male,4,own,21,car,good,155.952381,1,0.202599717,769.7561641,1,NA,little,3275
52,male,3,own,24,radio/TV,good,92.625,0,0.021124724,4384.67274,4,NA,moderate,2223
66,male,1,free,12,car,good,123.3333333,0,0.38775273,318.0721209,0,rich,quite rich,1480
25,female,3,rent,24,car,bad,57.125,1,0.683272871,83.60495846,3,little,NA,1371
37,male,3,own,36,car,good,98.19444444,1,0.132610342,740.4735026,4,NA,little,3535
25,female,3,own,18,radio/TV,good,194.9444444,1,0.154497057,1261.800375,5,little,little,3509
38,male,4,own,36,car,good,158.6388889,1,0.153304743,1034.794397,3,NA,rich,5711
67,female,3,own,18,repairs,good,215.1111111,0,0.043487026,4946.558375,5,moderate,little,3872
25,male,3,own,39,radio/TV,bad,126.4871795,1,0.426601357,296.4997119,4,moderate,little,4933
60,male,3,own,24,car,good,80.83333333,0,0.046358948,1743.640358,4,NA,rich,1940
NA,male,2,own,12,education,good,117.5,0,0.038986792,3013.841199,1,moderate,little,1410
23,female,2,own,12,car,bad,69.66666667,1,0.566545555,122.9674579,3,moderate,moderate,836
60,male,4,own,20,car,good,NA,0,0.043844992,7375.984905,5,moderate,NA,6468
NA,male,2,own,18,business,good,107.8333333,0,0.014321693,7529.370751,1,moderate,rich,1941
40,male,3,own,22,radio/TV,good,121.5909091,1,0.225623355,538.9110052,6,NA,quite rich,2675
38,male,3,own,48,car,good,57.3125,0,0.079604052,719.9696345,8,NA,NA,2751
50,male,3,free,48,education,bad,129.6666667,0,0.501929788,258.3362648,8,moderate,little,6224
27,male,3,own,40,education,bad,149.95,0,0.668234249,224.3973581,9,little,little,5998
39,female,3,own,21,business,bad,56.57142857,1,0.605495668,93.42994766,8,moderate,little,1188
41,male,4,own,24,car,good,263.0416667,1,0.215421331,1221.056736,2,NA,NA,6313
27,male,3,own,6,furniture/equipment,good,203.5,0,0.056161775,3623.461003,7,NA,NA,1221
51,male,3,free,24,furniture/equipment,good,120.5,1,0.757103351,159.159248,6,rich,little,2892
32,male,3,rent,24,furniture/equipment,good,127.5833333,1,0.358752486,355.6305205,7,NA,quite rich,3062
22,female,3,rent,9,furniture/equipment,good,255.6666667,1,0.294058535,869.4414084,5,NA,moderate,2301
51,male,3,free,18,car,bad,417.2777778,1,0.712633514,585.5432976,7,little,NA,7511
22,female,2,rent,12,furniture/equipment,good,104.8333333,0,0.288591941,363.2580076,3,NA,little,1258
54,male,3,own,24,car,good,29.875,1,0.109414423,273.0444408,7,NA,NA,717
35,male,1,own,9,car,good,172.1111111,1,0.097283882,1769.163683,2,moderate,NA,1549
54,male,3,free,24,education,good,66.54166667,0,0.381955441,174.2131658,6,NA,little,1597
48,female,2,rent,18,radio/TV,good,99.72222222,0,0.097694982,1020.750711,2,moderate,little,1795
24,female,3,own,20,furniture/equipment,good,213.6,0,0.029426319,7258.808022,7,little,little,4272
35,male,3,own,12,radio/TV,good,81.33333333,0,0.02552997,3185.798241,7,NA,NA,976
24,female,1,rent,12,car,good,622.6666667,0,0.201147094,3095.578741,1,moderate,NA,7472
24,male,3,own,36,car,bad,257.5277778,1,0.880126044,292.603292,9,little,little,9271
26,male,2,own,6,radio/TV,good,98.33333333,0,0.044858012,2192.101904,2,moderate,little,590
65,male,3,own,12,radio/TV,good,77.5,1,0.154992899,500.022908,5,NA,NA,930
55,male,4,free,42,car,good,221.0238095,0,0.700188449,315.6633186,4,moderate,little,9283
26,female,1,rent,15,car,bad,118.5333333,0,0.277980926,426.4081528,1,moderate,little,1778
26,male,3,own,8,business,good,113.375,0,0.047091866,2407.528299,10,moderate,little,907
28,male,2,own,6,radio/TV,good,80.66666667,1,0.181866732,443.5482267,4,moderate,little,484
24,male,3,own,36,car,bad,267.4722222,1,0.635391224,420.9567462,9,little,little,9629
54,male,3,own,48,domestic appliances,bad,63.5625,1,0.525178739,121.0302231,5,little,little,3051
46,male,3,free,48,car,bad,81.89583333,1,0.561259426,145.9144018,7,little,little,3931
54,female,3,rent,36,car,good,206.4444444,1,0.102758962,2009.016448,4,moderate,little,7432
62,male,3,own,6,domestic appliances,good,223,0,0.027542489,8096.581186,6,NA,quite rich,1338
24,female,3,rent,6,radio/TV,good,259,0,0.025167542,10291.03263,9,NA,little,1554
43,male,4,own,36,vacation/others,good,440.4722222,1,0.077042732,5717.245621,4,little,little,15857
26,male,3,own,18,radio/TV,bad,74.72222222,0,0.504080007,148.234846,7,little,little,1345
27,male,3,own,12,car,good,91.75,0,0.01753261,5233.105721,6,NA,little,1101
24,male,3,own,12,radio/TV,good,251.3333333,1,0.162844546,1543.39423,6,rich,little,3016
41,male,3,own,36,furniture/equipment,bad,75.33333333,1,0.719612423,104.6859823,8,little,little,2712
47,male,2,own,8,car,good,91.375,0,0.016842554,5425.245945,3,little,little,731
35,male,4,own,18,furniture/equipment,good,210,0,0.032735293,6415.094653,3,NA,little,3780
30,male,3,own,21,car,good,76.28571429,0,0.020069283,3801.117997,6,little,little,1602
33,female,3,rent,18,car,bad,220.3333333,1,0.666717836,330.4746345,8,little,little,3966
36,male,3,own,18,business,bad,231.3888889,1,0.61427632,376.6853474,6,NA,little,4165
47,male,3,free,36,car,bad,231.5277778,1,0.538815384,429.6977867,6,little,NA,8335
38,male,3,free,48,business,good,139.1875,0,0.373642062,372.5156081,10,moderate,NA,6681
44,male,3,own,24,business,good,98.95833333,0,0.033077948,2991.670843,5,NA,quite rich,2375
23,female,3,rent,18,car,bad,67.55555556,1,0.587037864,115.0787023,6,little,little,1216
29,male,3,rent,45,business,bad,262.5777778,1,0.596570541,440.1453976,6,little,little,11816
42,female,3,own,24,radio/TV,good,211.8333333,0,0.029248016,7242.656488,9,moderate,NA,5084
25,female,2,own,15,radio/TV,bad,155.1333333,1,0.373775851,415.0437564,1,rich,little,2327
48,male,3,own,12,car,bad,90.16666667,1,0.504806062,178.61645,6,little,little,1082
21,female,3,own,12,radio/TV,good,73.83333333,0,0.067992312,1085.907082,5,NA,NA,886
23,female,2,rent,4,furniture/equipment,good,150.25,0,0.11317923,1327.540397,1,NA,little,601
63,male,3,own,24,car,good,123.2083333,0,0.036524144,3373.339393,6,little,little,2957
46,male,3,own,24,radio/TV,good,108.7916667,0,0.043302039,2512.391289,10,NA,little,2611
29,male,3,own,36,furniture/equipment,bad,143.8611111,0,0.497931725,288.9173434,8,little,little,5179
28,male,2,own,21,car,good,142.5238095,0,0.041987683,3394.419503,3,NA,little,2993
23,female,3,own,18,repairs,bad,107.9444444,1,0.442533077,243.9240142,5,NA,little,1943
50,male,3,own,24,business,good,64.95833333,0,0.051569276,1259.632441,6,NA,little,1559
47,male,3,own,18,furniture/equipment,good,190.1111111,1,0.140453041,1353.556392,7,NA,little,3422
35,male,3,own,21,furniture/equipment,good,189.3333333,0,0.042761363,4427.673064,5,moderate,NA,3976
68,male,3,rent,18,car,bad,375.6111111,1,0.621831635,604.0398876,3,NA,NA,6761
28,male,3,own,24,car,good,52.04166667,0,0.034613921,1503.4895,7,NA,little,1249
59,male,3,own,9,radio/TV,good,151.5555556,0,0.04757656,3185.508902,6,little,little,1364
57,male,2,own,12,radio/TV,bad,59.08333333,1,0.786197895,75.15071421,1,little,little,709
33,male,3,rent,20,car,bad,111.75,1,0.500432673,223.3067625,6,little,little,2235
43,male,3,own,24,car,good,168.4166667,1,0.275220455,611.9336821,7,NA,NA,4042
35,male,3,free,15,radio/TV,good,98.06666667,0,0.545177691,179.8801901,7,NA,little,1471
32,male,2,free,18,car,bad,80.11111111,1,0.764359796,104.8081173,3,little,little,1442
45,male,3,own,36,car,good,302.0833333,0,0.037556725,8043.38867,8,NA,little,10875
33,male,3,own,24,car,good,61.41666667,0,0.028280092,2171.727984,8,NA,moderate,1474
40,female,3,own,10,education,good,89.4,0,0.059529729,1501.770663,6,NA,NA,894
28,male,3,free,15,furniture/equipment,good,222.8666667,0,0.270061592,825.2438445,5,NA,little,3343
29,female,3,own,15,car,bad,263.9333333,0,0.429747273,614.1594134,7,little,little,3959
26,male,3,rent,9,car,good,397.4444444,1,0.364196176,1091.292194,7,NA,moderate,3577
27,male,3,own,24,car,good,241.8333333,0,0.064073017,3774.339711,4,NA,rich,5804
28,male,3,own,18,business,bad,120.5,1,0.728468554,165.4155136,8,NA,little,2169
35,female,3,own,24,radio/TV,bad,101.625,1,0.606614929,167.5280233,9,little,little,2439
32,male,2,own,27,furniture/equipment,good,167.6296296,0,0.055909153,2998.250228,3,NA,rich,4526
25,male,2,rent,10,furniture/equipment,bad,221,0,0.495072936,446.3988713,2,NA,little,2210
20,female,3,rent,15,furniture/equipment,good,148.0666667,0,0.034429248,4300.607094,8,NA,quite rich,2221
27,female,3,own,18,radio/TV,good,132.7222222,0,0.05670879,2340.41709,3,little,little,2389
42,male,3,own,12,furniture/equipment,good,277.5833333,0,0.06923129,4009.506876,4,NA,little,3331
NA,male,3,own,36,business,good,205.8055556,0,0.062437949,3296.161348,4,NA,NA,7409
24,female,3,rent,12,furniture/equipment,good,54.33333333,0,0.128999054,421.1917202,6,little,little,652
40,female,3,own,36,furniture/equipment,good,213.2777778,0,0.027747326,7686.426481,3,NA,quite rich,7678
46,male,3,own,6,car,good,223.8333333,0,0.037878588,5909.231178,6,rich,little,1343
26,male,3,own,24,business,good,57.58333333,0,0.060726556,948.2397324,8,little,moderate,1382
24,female,3,own,15,domestic appliances,good,58.26666667,0,0.018216223,3198.613985,7,NA,NA,874
29,male,2,own,12,furniture/equipment,good,299.1666667,0,0.063921823,4680.19608,1,little,little,3590
40,female,3,own,11,car,good,120.1818182,1,0.138542887,867.4701433,5,moderate,rich,1322
36,male,4,free,18,radio/TV,good,107.7777778,0,0.41339514,260.7137033,4,little,little,1940
28,male,3,own,36,radio/TV,good,99.86111111,1,0.136958375,729.1347543,6,NA,little,3595
27,male,4,free,9,car,bad,158,1,0.395328222,399.6678992,3,little,little,1422
36,male,3,own,30,radio/TV,good,224.7333333,1,0.280834008,800.2354672,7,NA,NA,6742
38,male,4,own,24,car,good,325.5833333,0,0.058889521,5528.714283,3,NA,little,7814
48,male,3,free,24,car,good,386.5416667,1,0.766619014,504.2161223,7,NA,NA,9277
36,male,3,own,30,car,good,72.7,0,0.046996475,1546.924523,6,moderate,NA,2181
65,female,1,own,18,radio/TV,good,61,0,0.068041304,896.5142739,2,NA,little,1098
43,male,3,own,24,furniture/equipment,bad,169.0416667,1,0.80365498,210.3410927,8,moderate,little,4057
53,female,3,own,12,education,bad,66.25,0,0.346069386,191.4355984,8,little,little,795
34,male,3,own,24,business,good,117.7083333,0,0.055207872,2132.093274,9,moderate,NA,2825
23,male,3,own,48,business,bad,326.5,1,0.467029593,699.0991688,6,moderate,little,15672
34,male,4,own,36,car,good,183.7222222,0,0.037132474,4947.750615,4,NA,little,6614
40,male,3,rent,28,car,good,279.4285714,0,-0.053496871,-5223.269456,6,NA,NA,7824
43,male,4,own,27,business,good,90.44444444,0,0.017971817,5032.570873,4,little,little,2442
46,male,3,own,15,radio/TV,good,NA,0,0.058998972,2066.702664,9,NA,little,1829
38,male,2,own,12,car,good,180.9166667,1,0.138644868,1304.892631,1,little,little,2171
34,male,3,own,36,car,good,161.1111111,1,0.137395117,1172.611627,6,moderate,little,5800
29,male,3,own,18,radio/TV,good,64.94444444,0,0.052639999,1233.747063,8,NA,NA,1169
31,male,4,own,36,car,good,248.5277778,0,0.033270923,7469.819134,3,NA,NA,8947
28,female,4,rent,21,radio/TV,good,124.0952381,0,0.245438249,505.6067613,2,little,little,2606
35,female,3,own,12,furniture/equipment,good,132.6666667,0,0.030745871,4314.94247,9,NA,rich,1592
33,female,2,rent,15,furniture/equipment,good,145.7333333,0,0.122292681,1191.676653,2,NA,NA,2186
42,male,3,own,18,furniture/equipment,bad,230.7222222,1,0.559667941,412.2484158,9,little,little,4153
43,male,3,rent,16,car,bad,164.0625,1,0.71836405,228.3835054,8,little,little,2625
44,male,3,own,20,car,good,174.25,0,0.030485471,5715.837548,7,NA,NA,3485
42,male,3,free,36,car,good,291.0277778,0,0.50467456,576.6642523,7,NA,NA,10477
40,male,3,rent,15,radio/TV,good,92.4,1,0.0920671,1003.615836,5,NA,NA,1386
36,male,4,own,24,radio/TV,good,53.25,1,0.143038846,372.2764937,2,NA,little,1278
20,male,4,rent,12,radio/TV,good,92.25,0,0.095865469,962.2860158,4,little,little,1107
24,male,2,own,21,car,good,179.1904762,1,0.220288541,813.4353036,4,little,NA,3763
27,male,3,own,36,education,good,103.0833333,0,0.043937005,2346.162029,5,moderate,NA,3711
46,female,2,own,15,car,good,239.6,0,0.051958361,4611.384909,1,NA,little,3594
33,female,2,own,9,car,good,355,0,0.049879012,7117.221906,2,moderate,NA,3195
34,female,3,own,36,radio/TV,good,123.7222222,0,0.052415524,2360.411807,5,NA,little,4454
25,female,2,own,24,furniture/equipment,bad,197.3333333,1,0.932266418,211.6705369,1,moderate,little,4736
25,female,3,own,30,radio/TV,good,99.7,1,0.113493969,878.4607782,4,moderate,NA,2991
28,male,3,own,11,business,good,194.7272727,0,0.051337379,3793.089525,9,NA,rich,2142
31,male,3,rent,24,business,bad,131.7083333,1,0.351478646,374.7264161,8,little,little,3161
32,female,4,own,48,vacation/others,bad,383.8333333,1,0.55600468,690.3419106,3,moderate,little,18424
32,male,3,own,10,car,good,284.8,0,0.049594142,5742.613663,7,NA,moderate,2848
68,male,4,own,6,car,bad,2482.666667,1,0.359060078,6914.34894,3,little,little,14896
33,male,3,own,24,furniture/equipment,bad,98.29166667,0,0.752623247,130.5987651,6,little,moderate,2359
39,male,4,rent,24,furniture/equipment,bad,139.375,1,0.785268755,177.4870058,3,little,little,3345
28,female,3,own,18,furniture/equipment,good,100.9444444,0,0.014916543,6767.281569,5,NA,little,1817
37,male,4,own,48,radio/TV,good,265.6041667,0,0.071554242,3711.927633,4,NA,quite rich,12749
22,female,3,rent,9,radio/TV,bad,151.7777778,1,0.483940361,313.6290954,8,little,little,1366
30,male,3,rent,12,car,good,166.8333333,0,0.111226305,1499.94494,7,moderate,little,2002
55,male,3,own,24,furniture/equipment,bad,286.3333333,1,0.665311444,430.374881,9,little,little,6872
46,male,3,own,12,car,bad,58.08333333,1,0.666077136,87.20211254,5,little,little,697
21,female,3,rent,18,furniture/equipment,good,58.27777778,0,0.188889083,308.5290953,8,little,little,1049
39,male,3,free,48,car,bad,214.5208333,1,0.704866151,304.3426517,4,little,little,10297
58,male,3,own,30,radio/TV,good,62.23333333,0,0.040449608,1538.539844,5,NA,NA,1867
43,male,2,own,12,car,good,112,0,0.068273596,1640.458497,0,little,little,1344
24,male,2,own,24,furniture/equipment,good,72.79166667,0,0.065946518,1103.798484,1,little,little,1747
22,female,3,own,9,radio/TV,bad,185.5555556,1,0.748903533,247.7696356,5,moderate,little,1670
30,male,3,own,9,car,good,136,0,0.044712507,3041.654563,7,NA,little,1224
42,male,3,own,12,radio/TV,good,43.5,1,0.108308198,401.6316465,8,NA,quite rich,522
23,female,3,own,12,radio/TV,good,124.8333333,0,0.050863737,2454.269773,5,little,little,1498
NA,male,4,own,30,radio/TV,bad,63.96666667,0,0.459855536,139.1016561,4,moderate,moderate,1919
28,female,2,own,9,radio/TV,bad,82.77777778,1,0.667768507,123.9617876,1,rich,little,745
30,male,4,rent,6,radio/TV,good,343.8333333,0,0.172152028,1997.265662,4,moderate,little,2063
42,male,3,free,60,education,bad,104.8,1,0.771139786,135.9027273,8,moderate,little,6288
46,male,4,own,24,car,good,285.0833333,0,0.055362152,5149.426504,3,NA,NA,6842
45,male,4,own,12,car,good,293.9166667,0,0.04432019,6631.665353,4,NA,NA,3527
31,male,2,own,10,car,good,154.6,1,0.143289187,1078.936958,2,NA,little,1546
31,male,3,own,24,furniture/equipment,good,38.70833333,0,0.054749938,707.0023201,9,NA,NA,929
42,male,2,own,4,car,good,363.75,0,0.045844459,7934.437565,2,NA,little,1455
46,female,3,rent,15,furniture/equipment,good,123,1,0.187355177,656.5070791,6,little,little,1845
30,female,3,own,48,car,good,174.125,0,0.050952803,3417.378212,7,moderate,quite rich,8358
30,male,3,free,24,furniture/equipment,bad,139.5416667,1,0.784113417,177.9610751,5,little,quite rich,3349
38,male,4,own,12,car,good,238.25,0,0.072610386,3281.211034,3,NA,NA,2859
43,male,2,own,18,furniture/equipment,bad,85.16666667,1,0.568860003,149.7146332,3,NA,little,1533
31,male,3,own,24,radio/TV,bad,150.875,0,0.481755341,313.1776384,6,NA,moderate,3621
40,male,1,own,18,business,good,199.4444444,1,0.283293659,704.0201501,2,moderate,little,3590
24,male,3,own,36,business,bad,59.58333333,0,0.546484729,109.0301891,1,little,little,2145
28,female,3,rent,24,car,bad,171.375,1,0.64779753,264.5502521,7,moderate,quite rich,4113
26,female,4,own,36,furniture/equipment,bad,304.8333333,0,0.341975368,891.3897371,2,NA,little,10974
29,female,3,own,12,car,good,157.75,1,0.143601583,1098.525491,5,little,little,1893
57,female,4,rent,24,radio/TV,good,51.29166667,0,0.098049274,523.1213316,2,little,rich,1231
49,male,2,own,30,radio/TV,good,121.8666667,0,0.064795757,1880.781583,2,rich,NA,3656
37,male,2,own,9,radio/TV,good,128.2222222,0,0.070016918,1831.303428,2,moderate,little,1154
45,male,2,own,28,car,bad,143.0714286,0,0.551637109,259.3578754,0,little,little,4006
30,male,3,free,24,furniture/equipment,good,127.875,1,0.652784152,195.8917043,7,moderate,moderate,3069
30,male,3,rent,6,radio/TV,good,NA,0,0.108576009,2670.939945,4,NA,little,1740
47,male,3,own,21,car,good,112.047619,0,0.061313572,1827.452158,5,moderate,little,2353
29,male,3,own,15,car,good,237.0666667,0,0.043740656,5419.824227,6,NA,NA,3556
35,male,3,own,24,radio/TV,bad,99.875,1,0.831383908,120.1310237,9,NA,quite rich,2397
22,male,2,own,6,repairs,good,75.66666667,1,0.150486367,502.8140966,3,moderate,little,454
26,female,3,own,30,radio/TV,good,57.16666667,0,0.059098392,967.3133997,6,moderate,NA,1715
23,male,2,own,27,radio/TV,bad,93.33333333,1,0.514251011,181.4937284,2,moderate,quite rich,2520
54,female,4,rent,15,radio/TV,good,237.8666667,0,0.188594907,1261.257109,4,NA,little,3568
29,male,3,rent,42,radio/TV,good,170.6190476,0,0.219360188,777.8031626,9,NA,NA,7166
40,male,2,own,11,car,good,358.0909091,1,0.254829085,1405.219932,3,little,little,3939
22,male,3,own,15,repairs,good,100.9333333,1,0.052477717,1923.356043,9,moderate,moderate,1514
43,male,2,own,24,car,good,308.0416667,0,0.035398609,8702.083967,1,NA,little,7393
29,female,1,rent,24,car,bad,49.70833333,1,0.88891753,55.92007318,2,little,little,1193
36,male,3,rent,60,business,bad,121.6166667,0,0.648275559,187.6002651,11,little,little,7297
NA,female,3,own,30,radio/TV,good,94.36666667,0,0.035012711,2695.211678,5,NA,little,2831
57,female,2,own,24,radio/TV,good,52.41666667,0,0.057459092,912.2432087,2,rich,quite rich,1258
64,female,3,own,6,radio/TV,good,125.5,0,0.06719649,1867.657073,10,moderate,little,753
42,male,3,own,18,business,good,134.8333333,1,0.293984177,458.6414644,8,moderate,NA,2427
47,male,2,own,24,car,bad,105.75,0,0.49008777,215.7776758,3,NA,little,2538
25,male,3,rent,15,car,bad,84.26666667,1,0.661980029,127.2948775,7,moderate,moderate,1264
49,male,3,own,30,furniture/equipment,bad,279.5333333,1,0.464650433,601.5992096,7,moderate,little,8386
33,male,4,rent,48,business,bad,100.9166667,1,0.722767075,139.6254342,1,NA,little,4844
NA,female,4,own,21,car,good,139.1904762,0,0.018527901,7512.479557,1,rich,moderate,2923
26,male,3,own,36,car,bad,228.5833333,1,0.506898137,450.9453021,10,little,little,8229
30,male,2,own,24,furniture/equipment,good,84.5,1,0.227444033,371.5199689,2,NA,little,2028
25,female,3,rent,15,furniture/equipment,good,95.53333333,0,0.019076349,5007.946302,6,little,little,1433
33,male,3,own,42,business,good,149.7380952,0,0.064805272,2310.585084,5,rich,little,6289
64,female,3,own,13,radio/TV,good,108.3846154,0,0.03848459,2816.312069,9,NA,moderate,1409
29,male,4,free,24,car,good,274.125,0,0.542498831,505.3006279,4,little,little,6579
48,male,2,own,24,radio/TV,good,72.625,0,0.034744593,2090.253272,0,moderate,little,1743
37,male,2,own,12,education,good,297.0833333,0,0.033664338,8824.867868,3,NA,NA,3565
34,male,2,own,15,radio/TV,good,104.6,0,0.045965145,2275.637334,0,NA,moderate,1569
23,male,2,rent,18,radio/TV,good,107.5555556,1,0.41452116,259.4693971,2,little,NA,1936
30,male,4,own,36,furniture/equipment,good,109.9722222,1,0.243063247,452.442825,4,little,little,3959
50,male,3,own,12,car,good,NA,0,0.059382937,3353.937645,11,NA,NA,2390
NA,female,2,own,12,furniture/equipment,good,144.6666667,0,0.03789804,3817.259869,3,NA,little,1736
40,male,4,own,30,car,good,128.5666667,0,0.051625231,2490.384318,4,little,little,3857
38,male,3,own,12,radio/TV,good,67,1,0.290940717,230.2874644,10,NA,little,804
23,male,3,free,45,radio/TV,bad,41,0,0.66572355,61.58712581,3,little,little,1845
27,male,3,own,45,car,good,NA,1,0.108390669,938.1701371,7,moderate,moderate,4576
